description,score,emoji
tulip,1.0,ğŸŒ·
bouquet,1.0,ğŸ’
cherry blossom,1.0,ğŸŒ¸
white flower,1.0,ğŸ’®
kissing face,1.0,ğŸ˜˜
flag for paraguay,1.0,ğŸ‡µğŸ‡¾
flag for oman,1.0,ğŸ‡´ğŸ‡²
flag for panama,1.0,ğŸ‡µğŸ‡¦
flag for peru,1.0,ğŸ‡µğŸ‡ª
flag for french polynesia,1.0,ğŸ‡µğŸ‡«
flag for papua new guinea,1.0,ğŸ‡µğŸ‡¬
flag for philippines,1.0,ğŸ‡µğŸ‡­
flag for pakistan,1.0,ğŸ‡µğŸ‡°
couple with heart man man,1.0,ğŸ’‘â€â™‚ï¸
love hotel,1.0,ğŸ©
bottle with popping cork,1.0,ğŸ¾
clinking beer mugs,1.0,ğŸ»
clinking glasses,1.0,ğŸ¥‚
ok hand sign,1.0,ğŸ‘Œ
ok hand sign,1.0,ğŸ‘Œ
white smiling face,1.0,â˜ºï¸
flag for nigeria,1.0,ğŸ‡³ğŸ‡¬
flag for martinique,1.0,ğŸ‡²ğŸ‡¶
flag for mauritania,1.0,ğŸ‡²ğŸ‡·
flag for montserrat,1.0,ğŸ‡²ğŸ‡¸
flag for malta,1.0,ğŸ‡²ğŸ‡¹
flag for mauritius,1.0,ğŸ‡²ğŸ‡º
ok hand sign,1.0,ğŸ‘Œ
flag for trinidad tobago,1.0,ğŸ‡¹ğŸ‡¹
flag for tuvalu,1.0,ğŸ‡¹ğŸ‡»
flag for saudi arabia,1.0,ğŸ‡¸ğŸ‡¦
flag for poland,1.0,ğŸ‡µğŸ‡±
flag for st pierre miquelon,1.0,ğŸ‡µğŸ‡²
flag for pitcairn islands,1.0,ğŸ‡µğŸ‡³
flag for puerto rico,1.0,ğŸ‡µğŸ‡·
flag for palestinian territories,1.0,ğŸ‡µğŸ‡¸
flag for portugal,1.0,ğŸ‡µğŸ‡¹
flag for palau,1.0,ğŸ‡µğŸ‡¼
flag for st helena,1.0,ğŸ‡¸ğŸ‡­
flag for slovenia,1.0,ğŸ‡¸ğŸ‡®
flag for qatar,1.0,ğŸ‡¶ğŸ‡¦
blossom,1.0,ğŸŒ¼
flag for romania,1.0,ğŸ‡·ğŸ‡´
flag for serbia,1.0,ğŸ‡·ğŸ‡¸
flag for russia,1.0,ğŸ‡·ğŸ‡º
flag for rwanda,1.0,ğŸ‡·ğŸ‡¼
rosette,1.0,ğŸµï¸
rose,1.0,ğŸŒ¹
hibiscus,1.0,ğŸŒº
flag for solomon islands,1.0,ğŸ‡¸ğŸ‡§
flag for seychelles,1.0,ğŸ‡¸ğŸ‡¨
flag for sudan,1.0,ğŸ‡¸ğŸ‡©
flag for sweden,1.0,ğŸ‡¸ğŸ‡ª
flag for singapore,1.0,ğŸ‡¸ğŸ‡¬
four leaf clover,1.0,ğŸ€
sunflower,1.0,ğŸŒ»
flag for reunion,1.0,ğŸ‡·ğŸ‡ª
flag for morocco,1.0,ğŸ‡²ğŸ‡¦
flag for marshall islands,1.0,ğŸ‡²ğŸ‡­
flag for macedonia,1.0,ğŸ‡²ğŸ‡°
flag for mali,1.0,ğŸ‡²ğŸ‡±
flag for myanmar,1.0,ğŸ‡²ğŸ‡²
flag for mongolia,1.0,ğŸ‡²ğŸ‡³
flag for macau,1.0,ğŸ‡²ğŸ‡´
flag for northern mariana islands,1.0,ğŸ‡²ğŸ‡µ
flag for iran,1.0,ğŸ‡®ğŸ‡·
flag for iceland,1.0,ğŸ‡®ğŸ‡¸
flag for italy,1.0,ğŸ‡®ğŸ‡¹
flag for jersey,1.0,ğŸ‡¯ğŸ‡ª
flag for jamaica,1.0,ğŸ‡¯ğŸ‡²
flag for maldives,1.0,ğŸ‡²ğŸ‡»
flag for canary islands,1.0,ğŸ‡®ğŸ‡¨
flag for indonesia,1.0,ğŸ‡®ğŸ‡©
flag for kiribati,1.0,ğŸ‡°ğŸ‡®
flag for comoros,1.0,ğŸ‡°ğŸ‡²
flag for st kitts nevis,1.0,ğŸ‡°ğŸ‡³
victory hand,1.0,âœŒï¸
victory hand,1.0,âœŒï¸
flag for iraq,1.0,ğŸ‡®ğŸ‡¶
flag for cayman islands,1.0,ğŸ‡°ğŸ‡¾
flag for kazakhstan,1.0,ğŸ‡°ğŸ‡¿
flag for laos,1.0,ğŸ‡±ğŸ‡¦
flag for lebanon,1.0,ğŸ‡±ğŸ‡§
flag for japan,1.0,ğŸ‡¯ğŸ‡µ
flag for jordan,1.0,ğŸ‡¯ğŸ‡´
flag for malawi,1.0,ğŸ‡²ğŸ‡¼
flag for new zealand,1.0,ğŸ‡³ğŸ‡¿
flag for mexico,1.0,ğŸ‡²ğŸ‡½
flag for malaysia,1.0,ğŸ‡²ğŸ‡¾
flag for mozambique,1.0,ğŸ‡²ğŸ‡¿
flag for namibia,1.0,ğŸ‡³ğŸ‡¦
flag for new caledonia,1.0,ğŸ‡³ğŸ‡¨
flag for niger,1.0,ğŸ‡³ğŸ‡ª
flag for norfolk island,1.0,ğŸ‡³ğŸ‡«
flag for nicaragua,1.0,ğŸ‡³ğŸ‡®
flag for netherlands,1.0,ğŸ‡³ğŸ‡±
flag for norway,1.0,ğŸ‡³ğŸ‡´
flag for nepal,1.0,ğŸ‡³ğŸ‡µ
flag for libya,1.0,ğŸ‡±ğŸ‡¾
flag for niue,1.0,ğŸ‡³ğŸ‡º
victory hand,1.0,âœŒï¸
ok hand sign,1.0,ğŸ‘Œ
flag for monaco,1.0,ğŸ‡²ğŸ‡¨
flag for moldova,1.0,ğŸ‡²ğŸ‡©
flag for montenegro,1.0,ğŸ‡²ğŸ‡ª
flag for st martin,1.0,ğŸ‡²ğŸ‡«
flag for madagascar,1.0,ğŸ‡²ğŸ‡¬
flag for st lucia,1.0,ğŸ‡±ğŸ‡¨
flag for liechtenstein,1.0,ğŸ‡±ğŸ‡®
flag for sri lanka,1.0,ğŸ‡±ğŸ‡°
victory hand,1.0,âœŒï¸
victory hand,1.0,âœŒï¸
wedding,1.0,ğŸ’’
flag for nauru,1.0,ğŸ‡³ğŸ‡·
family man girl boy,1.0,ğŸ‘¨â€ğŸ‘§â€ğŸ‘¦
family man man boy,1.0,ğŸ‘¨â€ğŸ‘¨â€ğŸ‘¦
family man man girl,1.0,ğŸ‘¨â€ğŸ‘¨â€ğŸ‘§
family man man girl boy,1.0,ğŸ‘¨â€ğŸ‘¨â€ğŸ‘§â€ğŸ‘¦
family man man boy boy,1.0,ğŸ‘¨â€ğŸ‘¨â€ğŸ‘¦â€ğŸ‘¦
family man man girl girl,1.0,ğŸ‘¨â€ğŸ‘¨â€ğŸ‘§â€ğŸ‘§
family woman woman boy,1.0,ğŸ‘©â€ğŸ‘©â€ğŸ‘¦
family woman girl,1.0,ğŸ‘©â€ğŸ‘§
family woman girl boy,1.0,ğŸ‘©â€ğŸ‘§â€ğŸ‘¦
family woman girl girl,1.0,ğŸ‘©â€ğŸ‘§â€ğŸ‘§
family woman woman boy boy,1.0,ğŸ‘©â€ğŸ‘©â€ğŸ‘¦â€ğŸ‘¦
family woman woman girl girl,1.0,ğŸ‘©â€ğŸ‘©â€ğŸ‘§â€ğŸ‘§
family,1.0,ğŸ‘ª
flag for turkey,1.0,ğŸ‡¹ğŸ‡·
family man boy boy,1.0,ğŸ‘¨â€ğŸ‘¦â€ğŸ‘¦
clapping hands sign,1.0,ğŸ‘
person raising both hands in celebration,1.0,ğŸ™Œ
person raising both hands in celebration,1.0,ğŸ™Œ
clapping hands sign,1.0,ğŸ‘
person raising both hands in celebration,1.0,ğŸ™Œ
person raising both hands in celebration,1.0,ğŸ™Œ
person raising both hands in celebration,1.0,ğŸ™Œ
person raising both hands in celebration,1.0,ğŸ™Œ
clapping hands sign,1.0,ğŸ‘
clapping hands sign,1.0,ğŸ‘
clapping hands sign,1.0,ğŸ‘
clapping hands sign,1.0,ğŸ‘
family man boy,1.0,ğŸ‘¨â€ğŸ‘¦
couple with heart woman woman,1.0,ğŸ’‘â€â™€ï¸
family man woman boy,1.0,ğŸ‘¨â€ğŸ‘©â€ğŸ‘¦
family man woman girl,1.0,ğŸ‘¨â€ğŸ‘©â€ğŸ‘§
grinning face with star eyes,1.0,ğŸ¤©
family man girl girl,1.0,ğŸ‘¨â€ğŸ‘§â€ğŸ‘§
family woman boy,1.0,ğŸ‘©â€ğŸ‘¦
family woman boy boy,1.0,ğŸ‘©â€ğŸ‘¦â€ğŸ‘¦
two women holding hands,1.0,ğŸ‘­
man and woman holding hands,1.0,ğŸ‘«
kiss woman woman,1.0,ğŸ’â€â™€ï¸
couple with heart,1.0,ğŸ’‘
couple with heart woman man,1.0,ğŸ’‘â€â™€ï¸
family man woman girl boy,1.0,ğŸ‘¨â€ğŸ‘©â€ğŸ‘§â€ğŸ‘¦
family man girl,1.0,ğŸ‘¨â€ğŸ‘§
family man woman girl girl,1.0,ğŸ‘¨â€ğŸ‘©â€ğŸ‘§â€ğŸ‘§
two men holding hands,1.0,ğŸ‘¬
kiss,1.0,ğŸ’
kiss woman man,1.0,ğŸ’â€â™€ï¸
raised back of hand,1.0,ğŸ¤š
kiss man man,1.0,ğŸ’â€â™‚ï¸
flexed biceps,1.0,ğŸ’ª
flexed biceps,1.0,ğŸ’ªğŸ»
family woman woman girl,1.0,ğŸ‘©â€ğŸ‘©â€ğŸ‘§
family woman woman girl boy,1.0,ğŸ‘©â€ğŸ‘©â€ğŸ‘§â€ğŸ‘¦
flexed biceps,1.0,ğŸ’ªğŸ¼
flexed biceps,1.0,ğŸ’ªğŸ½
flexed biceps,1.0,ğŸ’ªğŸ¾
flexed biceps,1.0,ğŸ’ªğŸ¿
family man woman boy boy,1.0,ğŸ‘¨â€ğŸ‘©â€ğŸ‘¦â€ğŸ‘¦
flag for slovakia,1.0,ğŸ‡¸ğŸ‡°
flag for sierra leone,1.0,ğŸ‡¸ğŸ‡±
flag for san marino,1.0,ğŸ‡¸ğŸ‡²
flag for senegal,1.0,ğŸ‡¸ğŸ‡³
flag for somalia,1.0,ğŸ‡¸ğŸ‡´
hugging face,1.0,ğŸ¤—
fisted hand sign,1.0,âœŠ
shamrock,1.0,â˜˜ï¸
flag for south sudan,1.0,ğŸ‡¸ğŸ‡¸
flag for sao tome principe,1.0,ğŸ‡¸ğŸ‡¹
flag for el salvador,1.0,ğŸ‡¸ğŸ‡»
flag for sint maarten,1.0,ğŸ‡¸ğŸ‡½
flag for syria,1.0,ğŸ‡¸ğŸ‡¾
grinning face with smiling eyes,1.0,ğŸ˜
flag for tristan da cunha,1.0,ğŸ‡¹ğŸ‡¦
flag for svalbard jan mayen,1.0,ğŸ‡¸ğŸ‡¯
flag for turks caicos islands,1.0,ğŸ‡¹ğŸ‡¨
flag for chad,1.0,ğŸ‡¹ğŸ‡©
flag for french southern territories,1.0,ğŸ‡¹ğŸ‡«
flag for togo,1.0,ğŸ‡¹ğŸ‡¬
flag for thailand,1.0,ğŸ‡¹ğŸ‡­
flag for tajikistan,1.0,ğŸ‡¹ğŸ‡¯
flag for tokelau,1.0,ğŸ‡¹ğŸ‡°
flag for suriname,1.0,ğŸ‡¸ğŸ‡·
flag for timor leste,1.0,ğŸ‡¹ğŸ‡±
flag for turkmenistan,1.0,ğŸ‡¹ğŸ‡²
flag for tunisia,1.0,ğŸ‡¹ğŸ‡³
flag for tonga,1.0,ğŸ‡¹ğŸ‡´
flag for swaziland,1.0,ğŸ‡¸ğŸ‡¿
handshake,1.0,ğŸ¤
flag for taiwan,1.0,ğŸ‡¹ğŸ‡¼
flag for tanzania,1.0,ğŸ‡¹ğŸ‡¿
flag for ukraine,1.0,ğŸ‡ºğŸ‡¦
flag for uganda,1.0,ğŸ‡ºğŸ‡¬
flag for us outlying islands,1.0,ğŸ‡ºğŸ‡²
flag for united nations,1.0,ğŸ‡ºğŸ‡³
flag for united states,1.0,ğŸ‡ºğŸ‡¸
flag for uruguay,1.0,ğŸ‡ºğŸ‡¾
flag for south africa,1.0,ğŸ‡¿ğŸ‡¦
flag for uzbekistan,1.0,ğŸ‡ºğŸ‡¿
flag for vatican city,1.0,ğŸ‡»ğŸ‡¦
flag for st vincent grenadines,1.0,ğŸ‡»ğŸ‡¨
flag for england,1.0,ğŸ´ó §ó ¢ó ¥ó ®ó §ó ¿
flag for british virgin islands,1.0,ğŸ‡»ğŸ‡¬
flag for us virgin islands,1.0,ğŸ‡»ğŸ‡®
flag for vietnam,1.0,ğŸ‡»ğŸ‡³
flag for scotland,1.0,ğŸ´ó §ó ¢ó ³ó £ó ´ó ¿
flag for wales,1.0,ğŸ´ó §ó ¢ó ·ó ¬ó ³ó ¿
flag for vanuatu,1.0,ğŸ‡»ğŸ‡º
flag for wallis futuna,1.0,ğŸ‡¼ğŸ‡«
flag for samoa,1.0,ğŸ‡¼ğŸ‡¸
flag for kosovo,1.0,ğŸ‡½ğŸ‡°
flag for yemen,1.0,ğŸ‡¾ğŸ‡ª
flag for mayotte,1.0,ğŸ‡¾ğŸ‡¹
face throwing a kiss,1.0,ğŸ˜˜
flag for zambia,1.0,ğŸ‡¿ğŸ‡²
flag for zimbabwe,1.0,ğŸ‡¿ğŸ‡¼
flag for venezuela,1.0,ğŸ‡»ğŸ‡ª
party popper,1.0,ğŸ‰
nazar amulet,1.0,ğŸ§¿
sign of the horns,1.0,ğŸ¤˜
sign of the horns,1.0,ğŸ¤˜
flag for albania,1.0,ğŸ‡¦ğŸ‡±
flag for armenia,1.0,ğŸ‡¦ğŸ‡²
flag for angola,1.0,ğŸ‡¦ğŸ‡´
flag for antarctica,1.0,ğŸ‡¦ğŸ‡¶
flag for argentina,1.0,ğŸ‡¦ğŸ‡·
flag for american samoa,1.0,ğŸ‡¦ğŸ‡¸
direct hit,1.0,ğŸ¯
flag for austria,1.0,ğŸ‡¦ğŸ‡¹
flag for australia,1.0,ğŸ‡¦ğŸ‡º
flag for kenya,1.0,ğŸ‡°ğŸ‡ª
flag for aland islands,1.0,ğŸ‡¦ğŸ‡½
flag for azerbaijan,1.0,ğŸ‡¦ğŸ‡¿
flag for bosnia herzegovina,1.0,ğŸ‡§ğŸ‡¦
flag for antigua barbuda,1.0,ğŸ‡¦ğŸ‡¬
flag for anguilla,1.0,ğŸ‡¦ğŸ‡®
flag for belgium,1.0,ğŸ‡§ğŸ‡ª
flag for burkina faso,1.0,ğŸ‡§ğŸ‡«
thumbs up sign,1.0,ğŸ‘
flag for bulgaria,1.0,ğŸ‡§ğŸ‡¬
flag for bahrain,1.0,ğŸ‡§ğŸ‡­
flag for burundi,1.0,ğŸ‡§ğŸ‡®
face with stuck out tongue and tightly closed eyes,1.0,ğŸ˜
thumbs up sign,1.0,ğŸ‘
flag for aruba,1.0,ğŸ‡¦ğŸ‡¼
flag for brunei,1.0,ğŸ‡§ğŸ‡³
flag for bolivia,1.0,ğŸ‡§ğŸ‡´
flag for caribbean netherlands,1.0,ğŸ‡§ğŸ‡¶
flag for brazil,1.0,ğŸ‡§ğŸ‡·
thumbs up sign,1.0,ğŸ‘
flag for barbados,1.0,ğŸ‡§ğŸ‡§
flag for bangladesh,1.0,ğŸ‡§ğŸ‡©
christmas tree,1.0,ğŸ„
fireworks,1.0,ğŸ†
firework sparkler,1.0,ğŸ‡
firecracker,1.0,ğŸ§¨
sparkles,1.0,âœ¨
balloon,1.0,ğŸˆ
reminder ribbon,1.0,ğŸ—ï¸
flag for st barthelemy,1.0,ğŸ‡§ğŸ‡±
sign of the horns,1.0,ğŸ¤˜
confetti ball,1.0,ğŸŠ
tanabata tree,1.0,ğŸ‹
pine decoration,1.0,ğŸ
japanese dolls,1.0,ğŸ
carp streamer,1.0,ğŸ
wind chime,1.0,ğŸ
sign of the horns,1.0,ğŸ¤˜
moon viewing ceremony,1.0,ğŸ‘
red gift envelope,1.0,ğŸ§§
ribbon,1.0,ğŸ€
wrapped present,1.0,ğŸ
sign of the horns,1.0,ğŸ¤˜
flag for benin,1.0,ğŸ‡§ğŸ‡¯
atom symbol,1.0,âš›ï¸
om symbol,1.0,ğŸ•‰ï¸
star of david,1.0,âœ¡ï¸
wheel of dharma,1.0,â˜¸ï¸
yin yang,1.0,â˜¯ï¸
face with stuck out tongue and winking eye,1.0,ğŸ˜œ
latin cross,1.0,âœï¸
orthodox cross,1.0,â˜¦ï¸
star and crescent,1.0,â˜ªï¸
peace symbol,1.0,â˜®ï¸
menorah with nine branches,1.0,ğŸ•
six pointed star with middle dot,1.0,ğŸ”¯
place of worship,1.0,ğŸ›
teddy bear,1.0,ğŸ§¸
woman superhero,1.0,ğŸ¦¸â€â™€ï¸
woman superhero light skin tone,1.0,ğŸ¦¸ğŸ»â€â™€ï¸
woman superhero medium light skin tone,1.0,ğŸ¦¸ğŸ¼â€â™€ï¸
woman superhero medium skin tone,1.0,ğŸ¦¸ğŸ½â€â™€ï¸
woman superhero dark skin tone,1.0,ğŸ¦¸ğŸ¾â€â™€ï¸
woman superhero medium dark skin tone,1.0,ğŸ¦¸ğŸ¿â€â™€ï¸
money with wings,1.0,ğŸ’¸
baby angel,1.0,ğŸ‘¼
baby angel,1.0,ğŸ‘¼ğŸ»
baby angel,1.0,ğŸ‘¼ğŸ¼
baby angel,1.0,ğŸ‘¼ğŸ½
baby angel,1.0,ğŸ‘¼ğŸ¾
man superhero medium dark skin tone,1.0,ğŸ¦¸ğŸ¿â€â™‚ï¸
smiling cat face with heart shaped eyes,1.0,ğŸ˜»
call me hand,1.0,ğŸ¤™
call me hand,1.0,ğŸ¤™
call me hand,1.0,ğŸ¤™
call me hand,1.0,ğŸ¤™
grinning face with one large and one small eye,1.0,ğŸ¤ª
heavy check mark,1.0,âœ”ï¸
white heavy check mark,1.0,âœ…
thumbs up sign,1.0,ğŸ‘
squared new,1.0,ğŸ†•
squared ok,1.0,ğŸ†—
ballot box with check,1.0,â˜‘ï¸
call me hand,1.0,ğŸ¤™
bikini,1.0,ğŸ‘™
face with stuck out tongue,1.0,ğŸ˜›
flag for ascension island,1.0,ğŸ‡¦ğŸ‡¨
flag for andorra,1.0,ğŸ‡¦ğŸ‡©
thumbs up sign,1.0,ğŸ‘
flag for united arab emirates,1.0,ğŸ‡¦ğŸ‡ª
flag for afghanistan,1.0,ğŸ‡¦ğŸ‡«
prayer beads,1.0,ğŸ“¿
ring,1.0,ğŸ’
gem stone,1.0,ğŸ’
crown,1.0,ğŸ‘‘
graduation cap,1.0,ğŸ“
shopping bags,1.0,ğŸ›ï¸
face savouring delicious food,1.0,ğŸ˜‹
call me hand,1.0,ğŸ¤™
chart with upwards trend,1.0,ğŸ“ˆ
rainbow flag,1.0,ğŸ³ï¸â€ğŸŒˆ
flag for equatorial guinea,1.0,ğŸ‡¬ğŸ‡¶
flag for greece,1.0,ğŸ‡¬ğŸ‡·
flag for ireland,1.0,ğŸ‡®ğŸ‡ª
flag for israel,1.0,ğŸ‡®ğŸ‡±
flag for isle of man,1.0,ğŸ‡®ğŸ‡²
flag for india,1.0,ğŸ‡®ğŸ‡³
flag for british indian ocean territory,1.0,ğŸ‡®ğŸ‡´
money mouth face,1.0,ğŸ¤‘
flag for guyana,1.0,ğŸ‡¬ğŸ‡¾
flag for hong kong,1.0,ğŸ‡­ğŸ‡°
flag for curacao,1.0,ğŸ‡¨ğŸ‡¼
flag for christmas island,1.0,ğŸ‡¨ğŸ‡½
flag for cyprus,1.0,ğŸ‡¨ğŸ‡¾
flag for bermuda,1.0,ğŸ‡§ğŸ‡²
flag for germany,1.0,ğŸ‡©ğŸ‡ª
flag for diego garcia,1.0,ğŸ‡©ğŸ‡¬
flag for djibouti,1.0,ğŸ‡©ğŸ‡¯
flag for denmark,1.0,ğŸ‡©ğŸ‡°
flag for algeria,1.0,ğŸ‡©ğŸ‡¿
flag for ceuta melilla,1.0,ğŸ‡ªğŸ‡¦
flag for ecuador,1.0,ğŸ‡ªğŸ‡¨
flag for estonia,1.0,ğŸ‡ªğŸ‡ª
flag for egypt,1.0,ğŸ‡ªğŸ‡¬
i love you hand sign,1.0,ğŸ¤Ÿ
flag for eritrea,1.0,ğŸ‡ªğŸ‡·
flag for spain,1.0,ğŸ‡ªğŸ‡¸
flag for ethiopia,1.0,ğŸ‡ªğŸ‡¹
flag for czech republic,1.0,ğŸ‡¨ğŸ‡¿
flag for kyrgyzstan,1.0,ğŸ‡°ğŸ‡¬
flag for cambodia,1.0,ğŸ‡°ğŸ‡­
flag for liberia,1.0,ğŸ‡±ğŸ‡·
flag for lesotho,1.0,ğŸ‡±ğŸ‡¸
flag for lithuania,1.0,ğŸ‡±ğŸ‡¹
flag for luxembourg,1.0,ğŸ‡±ğŸ‡º
flag for latvia,1.0,ğŸ‡±ğŸ‡»
flag for north korea,1.0,ğŸ‡°ğŸ‡µ
flag for south korea,1.0,ğŸ‡°ğŸ‡·
flag for kuwait,1.0,ğŸ‡°ğŸ‡¼
flag for georgia,1.0,ğŸ‡¬ğŸ‡ª
flag for french guiana,1.0,ğŸ‡¬ğŸ‡«
flag for guernsey,1.0,ğŸ‡¬ğŸ‡¬
flag for guadeloupe,1.0,ğŸ‡¬ğŸ‡µ
flag for gibraltar,1.0,ğŸ‡¬ğŸ‡®
flag for greenland,1.0,ğŸ‡¬ğŸ‡±
flag for gambia,1.0,ğŸ‡¬ğŸ‡²
flag for guinea,1.0,ğŸ‡¬ğŸ‡³
flag for south georgia south sandwich islands,1.0,ğŸ‡¬ğŸ‡¸
flag for guatemala,1.0,ğŸ‡¬ğŸ‡¹
flag for guam,1.0,ğŸ‡¬ğŸ‡º
flag for guinea bissau,1.0,ğŸ‡¬ğŸ‡¼
kissing face with closed eyes,1.0,ğŸ˜š
flag for heard mcdonald islands,1.0,ğŸ‡­ğŸ‡²
flag for honduras,1.0,ğŸ‡­ğŸ‡³
flag for croatia,1.0,ğŸ‡­ğŸ‡·
flag for haiti,1.0,ğŸ‡­ğŸ‡¹
flag for hungary,1.0,ğŸ‡­ğŸ‡º
flag for ghana,1.0,ğŸ‡¬ğŸ‡­
flag for cote divoire,1.0,ğŸ‡¨ğŸ‡®
flag for cook islands,1.0,ğŸ‡¨ğŸ‡°
flag for chile,1.0,ğŸ‡¨ğŸ‡±
flag for bahamas,1.0,ğŸ‡§ğŸ‡¸
flag for cameroon,1.0,ğŸ‡¨ğŸ‡²
flag for china,1.0,ğŸ‡¨ğŸ‡³
flag for colombia,1.0,ğŸ‡¨ğŸ‡´
flag for clipperton island,1.0,ğŸ‡¨ğŸ‡µ
flag for costa rica,1.0,ğŸ‡¨ğŸ‡·
flag for cuba,1.0,ğŸ‡¨ğŸ‡º
flag for cape verde,1.0,ğŸ‡¨ğŸ‡»
flag for congo kinshasa,1.0,ğŸ‡¨ğŸ‡©
i love you hand sign,1.0,ğŸ¤Ÿ
flag for european union,1.0,ğŸ‡ªğŸ‡º
trophy,1.0,ğŸ†
sports medal,1.0,ğŸ…
first place medal,1.0,ğŸ¥‡
second place medal,1.0,ğŸ¥ˆ
third place medal,1.0,ğŸ¥‰
sign of the horns,1.0,ğŸ¤˜
rainbow,1.0,ğŸŒˆ
i love you hand sign,1.0,ğŸ¤Ÿ
shooting star,1.0,ğŸŒ 
milky way,1.0,ğŸŒŒ
i love you hand sign,1.0,ğŸ¤Ÿ
smiling face with open mouth and smiling eyes,1.0,ğŸ˜„
kissing face with smiling eyes,1.0,ğŸ˜š
crescent moon,1.0,ğŸŒ™
military medal,1.0,ğŸ–ï¸
flag for finland,1.0,ğŸ‡«ğŸ‡®
flag for fiji,1.0,ğŸ‡«ğŸ‡¯
flag for dominica,1.0,ğŸ‡©ğŸ‡²
flag for dominican republic,1.0,ğŸ‡©ğŸ‡´
flag for falkland islands,1.0,ğŸ‡«ğŸ‡°
flag for micronesia,1.0,ğŸ‡«ğŸ‡²
flag for faroe islands,1.0,ğŸ‡«ğŸ‡´
flag for france,1.0,ğŸ‡«ğŸ‡·
flag for gabon,1.0,ğŸ‡¬ğŸ‡¦
flag for united kingdom,1.0,ğŸ‡¬ğŸ‡§
flag for grenada,1.0,ğŸ‡¬ğŸ‡©
flag for western sahara,1.0,ğŸ‡ªğŸ‡­
i love you hand sign,1.0,ğŸ¤Ÿ
flag for switzerland,1.0,ğŸ‡¨ğŸ‡­
sun with face,1.0,ğŸŒ
white medium star,1.0,â­
glowing star,1.0,ğŸŒŸ
i love you hand sign,1.0,ğŸ¤Ÿ
flag for bhutan,1.0,ğŸ‡§ğŸ‡¹
flag for bouvet island,1.0,ğŸ‡§ğŸ‡»
flag for botswana,1.0,ğŸ‡§ğŸ‡¼
flag for belarus,1.0,ğŸ‡§ğŸ‡¾
flag for belize,1.0,ğŸ‡§ğŸ‡¿
flag for canada,1.0,ğŸ‡¨ğŸ‡¦
flag for cocos islands,1.0,ğŸ‡¨ğŸ‡¨
flag for central african republic,1.0,ğŸ‡¨ğŸ‡«
thumbs up sign,1.0,ğŸ‘
flag for congo brazzaville,1.0,ğŸ‡¨ğŸ‡¬
full moon with face,1.0,ğŸŒ
heart with ribbon,1.0,ğŸ€
growing heart,1.0,ğŸ’—
kissing cat face with closed eyes,1.0,ğŸ˜½
beating heart,1.0,ğŸ’“
superhero,1.0,ğŸ¦¸â€â™€ï¸
man superhero,1.0,ğŸ¦¸â€â™‚ï¸
man superhero light skin tone,1.0,ğŸ¦¸ğŸ»â€â™‚ï¸
man superhero medium light skin tone,1.0,ğŸ¦¸ğŸ¼â€â™‚ï¸
grinning cat face with smiling eyes,1.0,ğŸ˜¸
man superhero medium skin tone,1.0,ğŸ¦¸ğŸ½â€â™‚ï¸
man superhero dark skin tone,1.0,ğŸ¦¸ğŸ¾â€â™‚ï¸
kiss mark,1.0,ğŸ’‹
smiling face with sunglasses,1.0,ğŸ˜
smiling face with heart shaped eyes,1.0,ğŸš´ğŸ½â€â™‚ï¸
superhero,1.0,ğŸ¦¸ğŸ¿â€â™€ï¸
smiling cat face with open mouth,1.0,ğŸ˜º
two hearts,1.0,ğŸ’•
superhero,1.0,ğŸ¦¸ğŸ»â€â™€ï¸
superhero,1.0,ğŸ¦¸ğŸ¼â€â™€ï¸
smiling face with halo,1.0,ğŸ˜‡
revolving hearts,1.0,ğŸ’
superhero,1.0,ğŸ¦¸ğŸ½â€â™€ï¸
superhero,1.0,ğŸ¦¸ğŸ¾â€â™€ï¸
sparkling heart,1.0,ğŸ’–
woman with bunny ears,1.0,ğŸ‘¯â€â™€ï¸
men with bunny ears partying,1.0,ğŸ‘¯â€â™‚ï¸
smiling face with smiling eyes,1.0,ğŸ˜Œ
orange heart,1.0,ğŸ§¡
heart decoration,1.0,ğŸ’Ÿ
heavy black heart,1.0,ğŸ–¤
hundred points symbol,1.0,ğŸ’¯
face with party horn and party hat,1.0,ğŸ¥³
smiling face with open mouth,1.0,ğŸ˜ƒ
winking face,1.0,ğŸ˜‰
baby angel,1.0,ğŸ‘¼ğŸ¿
women with bunny ears partying,1.0,ğŸ‘¯
dizzy symbol,1.0,ğŸ’«
grinning face,1.0,ğŸ˜€
green heart,1.0,ğŸ’š
rolling on the floor laughing,1.0,ğŸ¤£
heavy heart exclamation mark ornament,1.0,â£ï¸
purple heart,1.0,ğŸ’œ
smiling face with smiling eyes and three hearts,1.0,ğŸ¥°
face with tears of joy,1.0,ğŸ˜‚
heart with arrow,1.0,ğŸ’˜
smiling face with open mouth and cold sweat,1.0,ğŸ˜…
cat face with tears of joy,1.0,ğŸ˜¹
drooling face,1.0,ğŸ¤¤
love letter,1.0,ğŸ’Œ
yellow heart,1.0,ğŸ’›
blue heart,1.0,ğŸ’™
relieved face,1.0,ğŸ˜Œ
father christmas,1.0,ğŸ…
smiling face with open mouth and tightly closed eyes,1.0,ğŸ˜†
woman gesturing ok type 4,0.75,ğŸ™†ğŸ½â€â™€ï¸
woman getting haircut type 5,0.75,ğŸ’‡ğŸ¾â€â™€ï¸
woman gesturing ok type 3,0.75,ğŸ™†ğŸ¼â€â™€ï¸
woman getting haircut type 6,0.75,ğŸ’‡ğŸ¿â€â™€ï¸
woman gesturing ok type 1 2,0.75,ğŸ™†ğŸ»â€â™€ï¸
boy,0.75,ğŸ‘¦ğŸ¾
woman gesturing ok,0.75,ğŸ™†â€â™€ï¸
child,0.75,ğŸ§’ğŸ½
man gesturing ok type 6,0.75,ğŸ™†ğŸ¿â€â™‚ï¸
man gesturing ok type 5,0.75,ğŸ™†ğŸ¾â€â™‚ï¸
hand with index and middle fingers crossed,0.75,ğŸ¤
hand with index and middle fingers crossed,0.75,ğŸ¤
man getting haircut type 1 2,0.75,ğŸ’‡ğŸ»â€â™‚ï¸
man getting haircut type 3,0.75,ğŸ’‡ğŸ¼â€â™‚ï¸
woman getting haircut type 4,0.75,ğŸ’‡ğŸ½â€â™€ï¸
woman getting haircut type 3,0.75,ğŸ’‡ğŸ¼â€â™€ï¸
man getting haircut type 5,0.75,ğŸ’‡ğŸ¾â€â™‚ï¸
man getting haircut type 6,0.75,ğŸ’‡ğŸ¿â€â™‚ï¸
woman getting haircut,0.75,ğŸ’‡â€â™€ï¸
woman getting haircut type 1 2,0.75,ğŸ’‡ğŸ»â€â™€ï¸
girl,0.75,ğŸ‘§ğŸ½
boy,0.75,ğŸ‘¦ğŸ¿
girl,0.75,ğŸ‘§ğŸ¼
girl,0.75,ğŸ‘§ğŸ»
girl,0.75,ğŸ‘§
face massage,0.75,ğŸ’†ğŸ¼
man getting haircut type 4,0.75,ğŸ’‡ğŸ½â€â™‚ï¸
haircut,0.75,ğŸ’‡ğŸ¾
haircut,0.75,ğŸ’‡ğŸ½
man getting face massage,0.75,ğŸ’†â€â™‚ï¸
face massage,0.75,ğŸ’†ğŸ¿
face massage,0.75,ğŸ’†ğŸ¾
last quarter moon with face,0.75,ğŸŒœ
face massage,0.75,ğŸ’†ğŸ½
woman getting face massage type 5,0.75,ğŸ’†ğŸ¾â€â™€ï¸
woman getting face massage type 4,0.75,ğŸ’†ğŸ½â€â™€ï¸
woman getting face massage type 3,0.75,ğŸ’†ğŸ¼â€â™€ï¸
girl,0.75,ğŸ‘§ğŸ¾
face massage,0.75,ğŸ’†
woman genie,0.75,ğŸ§â€â™€ï¸
man getting face massage type 4,0.75,ğŸ’†ğŸ½â€â™‚ï¸
man getting face massage type 3,0.75,ğŸ’†ğŸ¼â€â™‚ï¸
man getting face massage type 1 2,0.75,ğŸ’†ğŸ»â€â™‚ï¸
woman elf medium light skin tone,0.75,ğŸ§ğŸ¼â€â™€ï¸
woman elf light skin tone,0.75,ğŸ§ğŸ»â€â™€ï¸
woman elf,0.75,ğŸ§â€â™€ï¸
happy person raising one hand,0.75,ğŸ™‹ğŸ¼
happy person raising one hand,0.75,ğŸ™‹ğŸ»
woman raising hand type 5,0.75,ğŸ™‹ğŸ¾â€â™€ï¸
face massage,0.75,ğŸ’†ğŸ»
woman gesturing ok type 6,0.75,ğŸ™†ğŸ¿â€â™€ï¸
man dancing,0.75,ğŸ•ºğŸ¼
man dancing,0.75,ğŸ•ºğŸ»
man dancing,0.75,ğŸ•º
dancer,0.75,ğŸ’ƒğŸ¿
dancer,0.75,ğŸ’ƒğŸ¾
dancer,0.75,ğŸ’ƒğŸ½
woman gesturing ok type 5,0.75,ğŸ™†ğŸ¾â€â™€ï¸
haircut,0.75,ğŸ’‡ğŸ¼
haircut,0.75,ğŸ’‡ğŸ»
haircut,0.75,ğŸ’‡
haircut,0.75,ğŸ’‡ğŸ¿
merwoman medium skin tone,0.75,ğŸ§œğŸ½â€â™€ï¸
merwoman medium light skin tone,0.75,ğŸ§œğŸ¼â€â™€ï¸
black sun with rays,0.75,â˜€ï¸
merwoman light skin tone,0.75,ğŸ§œğŸ»â€â™€ï¸
merwoman,0.75,ğŸ§œâ€â™€ï¸
woman getting face massage type 1 2,0.75,ğŸ’†ğŸ»â€â™€ï¸
woman getting face massage,0.75,ğŸ’†â€â™€ï¸
man getting face massage type 6,0.75,ğŸ’†ğŸ¿â€â™‚ï¸
man getting face massage type 5,0.75,ğŸ’†ğŸ¾â€â™‚ï¸
full moon symbol,0.75,ğŸŒ•
man getting haircut,0.75,ğŸ’‡â€â™‚ï¸
woman getting face massage type 6,0.75,ğŸ’†ğŸ¿â€â™€ï¸
woman climbing,0.75,ğŸ§—â€â™€ï¸
man climbing dark skin tone,0.75,ğŸ§—ğŸ¿â€â™‚ï¸
man climbing medium dark skin tone,0.75,ğŸ§—ğŸ¾â€â™‚ï¸
man climbing medium skin tone,0.75,ğŸ§—ğŸ½â€â™‚ï¸
man climbing medium light skin tone,0.75,ğŸ§—ğŸ¼â€â™‚ï¸
man climbing light skin tone,0.75,ğŸ§—ğŸ»â€â™‚ï¸
baby,0.75,ğŸ‘¶ğŸ¼
sunrise over mountains,0.75,ğŸŒ„
sunrise,0.75,ğŸŒ…
baby,0.75,ğŸ‘¶ğŸ»
happy person raising one hand,0.75,ğŸ™‹
boy,0.75,ğŸ‘¦ğŸ½
boy,0.75,ğŸ‘¦ğŸ¼
boy,0.75,ğŸ‘¦ğŸ»
boy,0.75,ğŸ‘¦
bridge at night,0.75,ğŸŒ‰
carousel horse,0.75,ğŸ 
ferris wheel,0.75,ğŸ¡
roller coaster,0.75,ğŸ¢
barber pole,0.75,ğŸ’ˆ
circus tent,0.75,ğŸª
night with stars,0.75,ğŸŒƒ
cityscape at dusk,0.75,ğŸŒ†
golfer,0.75,ğŸŒï¸
snowboarder,0.75,ğŸ‚
skier,0.75,â›·ï¸
horse racing,0.75,ğŸ‡ğŸ¿
horse racing,0.75,ğŸ‡ğŸ¾
horse racing,0.75,ğŸ‡ğŸ½
horse racing,0.75,ğŸ‡ğŸ¼
snow capped mountain,0.75,ğŸ”ï¸
mountain,0.75,â›°ï¸
horse racing,0.75,ğŸ‡ğŸ»
woman climbing light skin tone,0.75,ğŸ§—ğŸ»â€â™€ï¸
fencer,0.75,ğŸ¤º
woman climbing dark skin tone,0.75,ğŸ§—ğŸ¿â€â™€ï¸
woman climbing medium dark skin tone,0.75,ğŸ§—ğŸ¾â€â™€ï¸
woman climbing medium skin tone,0.75,ğŸ§—ğŸ½â€â™€ï¸
mount fuji,0.75,ğŸ—»
camping,0.75,ğŸ•ï¸
woman climbing medium light skin tone,0.75,ğŸ§—ğŸ¼â€â™€ï¸
beach with umbrella,0.75,ğŸ–ï¸
desert,0.75,ğŸœï¸
desert island,0.75,ğŸï¸
national park,0.75,ğŸï¸
horse racing,0.75,ğŸ‡
man in steamy room,0.75,ğŸ§–â€â™‚ï¸
person in steamy room,0.75,ğŸ§–ğŸ¿
face with ok gesture,0.75,ğŸ‘ŒğŸ½
dancer,0.75,ğŸ’ƒğŸ¼
dancer,0.75,ğŸ’ƒğŸ»
dancer,0.75,ğŸ’ƒ
man dancing,0.75,ğŸ•ºğŸ½
face with ok gesture,0.75,ğŸ‘Œ
man gesturing ok type 4,0.75,ğŸ™†ğŸ½â€â™‚ï¸
man gesturing ok type 3,0.75,ğŸ™†ğŸ¼â€â™‚ï¸
cityscape,0.75,ğŸï¸
man gesturing ok,0.75,ğŸ™†â€â™‚ï¸
face with ok gesture,0.75,ğŸ‘ŒğŸ¿
face with ok gesture,0.75,ğŸ‘ŒğŸ¾
shocked face with exploding head,0.75,ğŸ¤¯
girl,0.75,ğŸ‘§ğŸ¿
sleeping face,0.75,ğŸ˜´
face with ok gesture,0.75,ğŸ‘ŒğŸ¼
hand with index and middle fingers crossed,0.75,ğŸ¤
face with ok gesture,0.75,ğŸ‘ŒğŸ»
hand with index and middle fingers crossed,0.75,ğŸ¤
hand with index and middle fingers crossed,0.75,ğŸ¤
man gesturing ok type 1 2,0.75,ğŸ™†ğŸ»â€â™‚ï¸
child,0.75,ğŸ§’ğŸ¿
child,0.75,ğŸ§’ğŸ¾
man in steamy room dark skin tone,0.75,ğŸ§–ğŸ¿â€â™‚ï¸
baby,0.75,ğŸ‘¶
child,0.75,ğŸ§’ğŸ¼
child,0.75,ğŸ§’ğŸ»
child,0.75,ğŸ§’
sunset over buildings,0.75,ğŸŒ‡
baby,0.75,ğŸ‘¶ğŸ¿
baby,0.75,ğŸ‘¶ğŸ¾
baby,0.75,ğŸ‘¶ğŸ½
man in steamy room light skin tone,0.75,ğŸ§–ğŸ»â€â™‚ï¸
woman in steamy room dark skin tone,0.75,ğŸ§–ğŸ¿â€â™€ï¸
woman in steamy room medium dark skin tone,0.75,ğŸ§–ğŸ¾â€â™€ï¸
woman in steamy room medium skin tone,0.75,ğŸ§–ğŸ½â€â™€ï¸
woman in steamy room medium light skin tone,0.75,ğŸ§–ğŸ¼â€â™€ï¸
woman in steamy room light skin tone,0.75,ğŸ§–ğŸ»â€â™€ï¸
woman in steamy room,0.75,ğŸ§–â€â™€ï¸
hand with index and middle fingers crossed,0.75,ğŸ¤
steam locomotive,0.75,ğŸš‚
man in steamy room medium dark skin tone,0.75,ğŸ§–ğŸ¾â€â™‚ï¸
man in steamy room medium skin tone,0.75,ğŸ§–ğŸ½â€â™‚ï¸
man in steamy room medium light skin tone,0.75,ğŸ§–ğŸ¼â€â™‚ï¸
person in steamy room,0.75,ğŸ§–ğŸ¾
male student type 1 2,0.75,ğŸ‘¨ğŸ»â€ğŸ“
mobile phone,0.75,ğŸ“±
headphone,0.75,ğŸ§
male student,0.75,ğŸ‘¨â€ğŸ“
squared up with exclamation mark,0.75,ğŸ†™
female student type 6,0.75,ğŸ‘©ğŸ¿â€ğŸ“
female student type 5,0.75,ğŸ‘©ğŸ¾â€ğŸ“
sparkle,0.75,â‡ï¸
eight spoked asterisk,0.75,âœ³ï¸
eight pointed black star,0.75,âœ´ï¸
female student type 4,0.75,ğŸ‘©ğŸ½â€ğŸ“
golfer,0.75,ğŸŒğŸ»
merman,0.75,ğŸ§œâ€â™‚ï¸
merperson,0.75,ğŸ§œğŸ¿
merperson,0.75,ğŸ§œğŸ¾
merperson,0.75,ğŸ§œğŸ½
merperson,0.75,ğŸ§œğŸ¼
merperson,0.75,ğŸ§œğŸ»
male student type 6,0.75,ğŸ‘¨ğŸ¿â€ğŸ“
pregnant woman,0.75,ğŸ¤°ğŸ½
mother christmas,0.75,ğŸ¤¶ğŸ¼
mother christmas,0.75,ğŸ¤¶ğŸ»
father christmas,0.75,ğŸ…ğŸ¿
merman light skin tone,0.75,ğŸ§œğŸ»â€â™‚ï¸
mahjong tile red dragon,0.75,ğŸ€„
flower playing cards,0.75,ğŸ´
performing arts,0.75,ğŸ­
fairy,0.75,ğŸ§šâ€â™€ï¸
volleyball,0.75,ğŸ
american football,0.75,ğŸˆ
rugby football,0.75,ğŸ‰
tennis racquet and ball,0.75,ğŸ¾
flying disc,0.75,ğŸ¥
dark sunglasses,0.75,ğŸ•¶ï¸
male student type 5,0.75,ğŸ‘¨ğŸ¾â€ğŸ“
trident emblem,0.75,ğŸ”±
field hockey stick and ball,0.75,ğŸ‘
ice hockey stick and puck,0.75,ğŸ’
lacrosse stick and ball,0.75,ğŸ¥
table tennis paddle and ball,0.75,ğŸ“
badminton racquet and shuttlecock,0.75,ğŸ¸
baseball,0.75,âš¾
softball,0.75,ğŸ¥
basketball and hoop,0.75,ğŸ€
male student type 4,0.75,ğŸ‘¨ğŸ½â€ğŸ“
male student type 3,0.75,ğŸ‘¨ğŸ¼â€ğŸ“
black universal recycling symbol,0.75,â™»ï¸
fleur de lis,0.75,âšœï¸
black diamond suit,0.75,â™¦ï¸
woman fairy,0.75,ğŸ§šâ€â™€ï¸ 
man fairy dark skin tone,0.75,ğŸ§šğŸ¿â€â™‚ï¸
man fairy medium dark skin tone,0.75,ğŸ§šğŸ¾â€â™‚ï¸
banknote with pound sign,0.75,ğŸ’·
pregnant woman,0.75,ğŸ¤°ğŸ¼
man in tuxedo,0.75,ğŸ¤µğŸ»â€â™‚
man in tuxedo,0.75,ğŸ¤µğŸ¼â€â™‚
man in tuxedo,0.75,ğŸ¤µğŸ½â€â™‚
man in tuxedo,0.75,ğŸ¤µğŸ¾â€â™‚
man in tuxedo,0.75,ğŸ¤µğŸ¿â€â™‚
bride with veil,0.75,ğŸ‘°â€â™€
father christmas,0.75,ğŸ…ğŸ¾
pregnant woman,0.75,ğŸ¤°ğŸ¾
pregnant woman,0.75,ğŸ¤°ğŸ¿
bride with veil,0.75,ğŸ‘°ğŸ¼â€â™€
bride with veil,0.75,ğŸ‘°ğŸ½â€â™€
bride with veil,0.75,ğŸ‘°ğŸ¾â€â™€
bride with veil,0.75,ğŸ‘°ğŸ¿â€â™€
pregnant woman,0.75,ğŸ¤°
pregnant woman,0.75,ğŸ¤°ğŸ»
man fairy medium skin tone,0.75,ğŸ§šğŸ½â€â™‚ï¸
smiling face with horns,0.75,ğŸ˜ˆ
musical note,0.75,ğŸµ
bride with veil,0.75,ğŸ‘°ğŸ»â€â™€
father christmas,0.75,ğŸ…ğŸ½
father christmas,0.75,ğŸ…ğŸ¼
father christmas,0.75,ğŸ…ğŸ»
chart with upwards trend and yen sign,0.75,ğŸ’¹
money bag,0.75,ğŸ’°
banknote with yen sign,0.75,ğŸ’´
banknote with dollar sign,0.75,ğŸ’µ
banknote with euro sign,0.75,ğŸ’¶
woman fairy medium skin tone,0.75,ğŸ§šğŸ½â€â™€ï¸
mother christmas,0.75,ğŸ¤¶
mother christmas,0.75,ğŸ¤¶ğŸ¿
woman fairy light skin tone,0.75,ğŸ§šğŸ»â€â™€ï¸ 
moyai,0.75,ğŸ—¿
shield,0.75,ğŸ›¡ï¸
multiple musical notes,0.75,ğŸ¶
radio,0.75,ğŸ“»
saxophone,0.75,ğŸ·
guitar,0.75,ğŸ¸
musical keyboard,0.75,ğŸ¹
trumpet,0.75,ğŸº
violin,0.75,ğŸ»
drum with drumsticks,0.75,ğŸ¥
mother christmas,0.75,ğŸ¤¶ğŸ½
woman fairy medium light skin tone,0.75,ğŸ§šğŸ¼â€â™€ï¸ 
mother christmas,0.75,ğŸ¤¶ğŸ¾
new moon symbol,0.75,ğŸŒ‘
waxing crescent moon symbol,0.75,ğŸŒ’
man elf dark skin tone,0.75,ğŸ§ğŸ¿â€â™‚ï¸
man elf medium dark skin tone,0.75,ğŸ§ğŸ¾â€â™‚ï¸
man elf medium skin tone,0.75,ğŸ§ğŸ½â€â™‚ï¸
man elf medium light skin tone,0.75,ğŸ§ğŸ¼â€â™‚ï¸
merman dark skin tone,0.75,ğŸ§œğŸ¿â€â™‚ï¸
merman medium dark skin tone,0.75,ğŸ§œğŸ¾â€â™‚ï¸
merman medium skin tone,0.75,ğŸ§œğŸ½â€â™‚ï¸
hear no evil monkey,0.75,ğŸ™‰
elf,0.75,ğŸ§ğŸ¾
playing card black joker,0.75,ğŸƒ
elf,0.75,ğŸ§ğŸ¼
elf,0.75,ğŸ§ğŸ»
woman bowing deeply type 3,0.75,ğŸ™‡ğŸ¼â€â™€ï¸
woman bowing deeply type 1 2,0.75,ğŸ™‡ğŸ»â€â™€ï¸
woman fairy dark skin tone,0.75,ğŸ§šğŸ¿â€â™€ï¸ 
woman fairy medium dark skin tone,0.75,ğŸ§šğŸ¾â€â™€ï¸ 
merperson,0.75,ğŸ§œ
see no evil monkey,0.75,ğŸ™ˆ
merman medium light skin tone,0.75,ğŸ§œğŸ¼â€â™‚ï¸
man bowing deeply type 5,0.75,ğŸ™‡ğŸ¾â€â™‚ï¸
man bowing deeply type 4,0.75,ğŸ™‡ğŸ½â€â™‚ï¸
elf,0.75,ğŸ§ğŸ½
man elf light skin tone,0.75,ğŸ§ğŸ»â€â™‚ï¸
man elf,0.75,ğŸ§â€â™‚ï¸
soccer ball,0.75,âš½
elf,0.75,ğŸ§ğŸ¿
man genie,0.75,ğŸ§â€â™‚ï¸
genie,0.75,ğŸ§
high voltage sign,0.75,âš¡
snowflake,0.75,â„ï¸
wind blowing face,0.75,ğŸŒ¬ï¸
woman elf dark skin tone,0.75,ğŸ§ğŸ¿â€â™€ï¸
woman elf medium dark skin tone,0.75,ğŸ§ğŸ¾â€â™€ï¸
first quarter moon with face,0.75,ğŸŒ›
waxing gibbous moon symbol,0.75,ğŸŒ”
woman elf medium skin tone,0.75,ğŸ§ğŸ½â€â™€ï¸
snowman,0.75,â˜ƒï¸
snowman without snow,0.75,â›„
fire,0.75,ğŸ”¥
elf,0.75,ğŸ§
merwoman dark skin tone,0.75,ğŸ§œğŸ¿â€â™€ï¸
waning gibbous moon symbol,0.75,ğŸŒ–
last quarter moon symbol,0.75,ğŸŒ—
waning crescent moon symbol,0.75,ğŸŒ˜
merwoman medium dark skin tone,0.75,ğŸ§œğŸ¾â€â™€ï¸
new moon with face,0.75,ğŸŒš
first quarter moon symbol,0.75,ğŸŒ“
happy person raising one hand,0.75,ğŸ™‹ğŸ¾
happy person raising one hand,0.75,ğŸ™‹ğŸ½
person bowing deeply,0.75,ğŸ™‡ğŸ¿
man fairy medium light skin tone,0.75,ğŸ§šğŸ¼â€â™‚ï¸
man fairy light skin tone,0.75,ğŸ§šğŸ»â€â™‚ï¸
man fairy,0.75,ğŸ§šâ€â™‚ï¸
fairy,0.75,ğŸ§šğŸ¿â€â™€ï¸
fairy,0.75,ğŸ§šğŸ¾â€â™€ï¸
fairy,0.75,ğŸ§šğŸ½â€â™€ï¸
fairy,0.75,ğŸ§šğŸ¼â€â™€ï¸
female student type 3,0.75,ğŸ‘©ğŸ¼â€ğŸ“
jack o lantern,0.75,ğŸƒ
female student,0.75,ğŸ‘©â€ğŸ“
face with pleading eyes,0.75,ğŸ¥º
joystick,0.75,ğŸ•¹ï¸
slot machine,0.75,ğŸ°
game die,0.75,ğŸ²
jigsaw puzzle piece,0.75,ğŸ§©
black spade suit,0.75,â™ ï¸
black heart suit,0.75,â™¥ï¸
slightly smiling face,0.75,ğŸ™‚
black club suit,0.75,â™£ï¸
black chess pawn,0.75,â™Ÿï¸
fairy,0.75,ğŸ§šğŸ»â€â™€ï¸
female student type 1 2,0.75,ğŸ‘©ğŸ»â€ğŸ“
man bowing deeply type 3,0.75,ğŸ™‡ğŸ¼â€â™‚ï¸
man bowing deeply type 1 2,0.75,ğŸ™‡ğŸ»â€â™‚ï¸
man bowing deeply,0.75,ğŸ™‡â€â™‚ï¸
woman bowing deeply type 6,0.75,ğŸ™‡ğŸ¿â€â™€ï¸
woman bowing deeply type 5,0.75,ğŸ™‡ğŸ¾â€â™€ï¸
woman bowing deeply type 4,0.75,ğŸ™‡ğŸ½â€â™€ï¸
person bowing deeply,0.75,ğŸ™‡ğŸ¾
person bowing deeply,0.75,ğŸ™‡ğŸ½
person bowing deeply,0.75,ğŸ™‡ğŸ¼
video game,0.75,ğŸ®
boxing glove,0.75,ğŸ¥Š
happy person raising one hand,0.75,ğŸ™‹ğŸ¿
running shirt with sash,0.75,ğŸ½
bowling,0.75,ğŸ³
cricket bat and ball,0.75,ğŸ
person bowing deeply,0.75,ğŸ™‡
woman raising hand type 6,0.75,ğŸ™‹ğŸ¿â€â™€ï¸
woman bowing deeply,0.75,ğŸ™‡â€â™€ï¸
man bowing deeply type 6,0.75,ğŸ™‡ğŸ¿â€â™‚ï¸
woman raising hand type 4,0.75,ğŸ™‹ğŸ½â€â™€ï¸
woman raising hand type 3,0.75,ğŸ™‹ğŸ¼â€â™€ï¸
woman raising hand type 1 2,0.75,ğŸ™‹ğŸ»â€â™€ï¸
woman raising hand,0.75,ğŸ™‹â€â™€ï¸
crystal ball,0.75,ğŸ”®
person bowing deeply,0.75,ğŸ™‡ğŸ»
nail polish,0.75,ğŸ’…ğŸ½
nail polish,0.75,ğŸ’…ğŸ¾
nail polish,0.75,ğŸ’…ğŸ¿
mountain bicyclist,0.75,ğŸšµğŸ½
mountain bicyclist,0.75,ğŸšµğŸ¼
smirking face,0.75,ğŸ˜
brain,0.75,ğŸ§ 
mountain bicyclist,0.75,ğŸšµğŸ»
mountain bicyclist,0.75,ğŸšµ
woman biking type 6,0.75,ğŸš´ğŸ¿â€â™€ï¸
woman biking type 5,0.75,ğŸš´ğŸ¾â€â™€ï¸
person in steamy room,0.75,ğŸ§–ğŸ½
water polo,0.75,ğŸ¤½ğŸ½
woman biking type 4,0.75,ğŸš´ğŸ½â€â™€ï¸
woman biking type 3,0.75,ğŸš´ğŸ¼â€â™€ï¸
woman biking type 1 2,0.75,ğŸš´ğŸ»â€â™€ï¸
woman biking,0.75,ğŸš´â€â™€ï¸
man biking type 6,0.75,ğŸš´ğŸ¿â€â™‚ï¸
bicyclist,0.75,ğŸš´ğŸ¿
bicyclist,0.75,ğŸš´ğŸ¾
bicyclist,0.75,ğŸš´ğŸ½
bicyclist,0.75,ğŸš´ğŸ¼
woman swimming,0.75,ğŸŠâ€â™€ï¸
man swimming type 6,0.75,ğŸŠğŸ¿â€â™‚ï¸
sleeping symbol,0.75,ğŸ’¤
woman in lotus position light skin tone,0.75,ğŸ§˜ğŸ»â€â™€ï¸
woman in lotus position medium light skin tone,0.75,ğŸ§˜ğŸ¼â€â™€ï¸
woman in lotus position medium skin tone,0.75,ğŸ§˜ğŸ½â€â™€ï¸
woman in lotus position medium dark skin tone,0.75,ğŸ§˜ğŸ¾â€â™€ï¸
woman in lotus position dark skin tone,0.75,ğŸ§˜ğŸ¿â€â™€ï¸
woman mountain biking type 3,0.75,ğŸšµğŸ¼â€â™€ï¸
woman mountain biking type 1 2,0.75,ğŸšµğŸ»â€â™€ï¸
weight lifter,0.75,ğŸ‹ğŸ¿
bath,0.75,ğŸ›€ğŸ¼
bath,0.75,ğŸ›€ğŸ½
bath,0.75,ğŸ›€ğŸ¾
bath,0.75,ğŸ›€ğŸ¿
nail polish,0.75,ğŸ’…ğŸ¼
woman mountain biking,0.75,ğŸšµâ€â™€ï¸
man mountain biking type 6,0.75,ğŸšµğŸ¿â€â™‚ï¸
man mountain biking type 5,0.75,ğŸšµğŸ¾â€â™‚ï¸
man mountain biking type 4,0.75,ğŸšµğŸ½â€â™‚ï¸
man mountain biking type 3,0.75,ğŸšµğŸ¼â€â™‚ï¸
man mountain biking type 1 2,0.75,ğŸšµğŸ»â€â™‚ï¸
man mountain biking,0.75,ğŸšµâ€â™‚ï¸
mountain bicyclist,0.75,ğŸšµğŸ¿
man biking type 5,0.75,ğŸ—¨ï¸
mountain bicyclist,0.75,ğŸšµğŸ¾
nail polish,0.75,ğŸ’…
nail polish,0.75,ğŸ’…ğŸ»
sleeping accommodation,0.75,ğŸ›Œ
person with folded hands,0.75,ğŸ™
palms up together,0.75,ğŸ¤²
palms up together,0.75,ğŸ¤²
bicyclist,0.75,ğŸš´ğŸ»
person with folded hands,0.75,ğŸ™
person with folded hands,0.75,ğŸ™
person with folded hands,0.75,ğŸ™
bicyclist,0.75,ğŸš´
woman weight lifting type 6,0.75,ğŸ‹ğŸ¿â€â™€ï¸
weight lifter,0.75,ğŸ‹ğŸ¾
weight lifter,0.75,ğŸ‹ğŸ½
man swimming type 5,0.75,ğŸŠğŸ¾â€â™‚ï¸
weight lifter,0.75,ğŸ‹ğŸ»
weight lifter,0.75,ğŸ‹ï¸
woman with ball type 5,0.75,â›¹ğŸ¿â€â™€ï¸
woman weight lifting,0.75,ğŸ‹ï¸â€â™€ï¸
man weight lifting type 6,0.75,ğŸ‹ğŸ¿â€â™‚ï¸
man with ball type 6,0.75,â›¹ğŸ¿â€â™‚ï¸
man with ball type 5,0.75,â›¹ğŸ¾â€â™‚ï¸
man with ball type 4,0.75,â›¹ğŸ½â€â™‚ï¸
rowboat,0.75,ğŸš£ğŸ»
rowboat,0.75,ğŸš£
woman surfing type 6,0.75,ğŸ„ğŸ¿â€â™€ï¸
woman surfing type 5,0.75,ğŸ„ğŸ¾â€â™€ï¸
weight lifter,0.75,ğŸ‹ğŸ¼
man swimming type 4,0.75,ğŸŠğŸ½â€â™‚ï¸
woman weight lifting type 5,0.75,ğŸ‹ğŸ¾â€â™€ï¸
woman weight lifting type 4,0.75,ğŸ‹ğŸ½â€â™€ï¸
woman weight lifting type 3,0.75,ğŸ‹ğŸ¼â€â™€ï¸
smiling face with smiling eyes and hand covering mouth,0.75,ğŸ¤­
woman weight lifting type 1 2,0.75,ğŸ‹ğŸ»â€â™€ï¸
hatching chick,0.75,ğŸ£
baby chick,0.75,ğŸ¤
front facing baby chick,0.75,ğŸ¥
man biking type 4,0.75,ğŸ˜
man biking type 3,0.75,ğŸš´ğŸ¼â€â™‚ï¸
man biking type 1 2,0.75,ğŸš´ğŸ»â€â™‚ï¸
person with folded hands,0.75,ğŸ™
man weight lifting type 5,0.75,ğŸ‹ğŸ¾â€â™‚ï¸
man weight lifting type 4,0.75,ğŸ‹ğŸ½â€â™‚ï¸
man weight lifting type 3,0.75,ğŸ‹ğŸ¼â€â™‚ï¸
man weight lifting type 1 2,0.75,ğŸ‹ğŸ»â€â™‚ï¸
person with folded hands,0.75,ğŸ™
unicorn face,0.75,ğŸ¦„
cat face,0.75,ğŸ±
man weight lifting,0.75,ğŸ‹ï¸â€â™‚ï¸
palms up together,0.75,ğŸ¤²
palms up together,0.75,ğŸ¤²
palms up together,0.75,ğŸ¤²
palms up together,0.75,ğŸ¤²
man biking,0.75,ğŸš´â€â™‚ï¸
woman doing cartwheel type 6,0.75,ğŸ¤¸ğŸ¿â€â™€ï¸
waving hand sign,0.75,ğŸ‘‹
woman playing water polo type 3,0.75,ğŸ¤½ğŸ¼â€â™€ï¸
woman playing water polo type 4,0.75,ğŸ¤½ğŸ½â€â™€ï¸
woman playing water polo type 5,0.75,ğŸ¤½ğŸ¾â€â™€ï¸
person in lotus position,0.75,ğŸ§˜ğŸ¿
man in lotus position,0.75,ğŸ§˜â€â™‚ï¸
man in lotus position light skin tone,0.75,ğŸ§˜ğŸ»â€â™‚ï¸
man in lotus position medium light skin tone,0.75,ğŸ§˜ğŸ¼â€â™‚ï¸
handball,0.75,ğŸ¤¾ğŸ½
handball,0.75,ğŸ¤¾ğŸ¾
woman in lotus position,0.75,ğŸ§˜â€â™€ï¸
waving hand sign,0.75,ğŸ‘‹
man playing water polo type 5,0.75,ğŸ¤½ğŸ¾â€â™‚ï¸
man playing water polo type 6,0.75,ğŸ¤½ğŸ¿â€â™‚ï¸
woman playing water polo,0.75,ğŸ¤½â€â™€ï¸
woman playing water polo type 1 2,0.75,ğŸ¤½ğŸ»â€â™€ï¸
man playing handball type 4,0.75,ğŸ¤¾ğŸ¾â€â™‚ï¸
man playing handball type 5,0.75,ğŸ¤¾ğŸ¿â€â™‚ï¸
man playing handball type 6,0.75,ğŸ¤¾â€â™€ï¸
woman playing handball,0.75,ğŸ¤¾ğŸ»â€â™€ï¸
woman playing water polo type 6,0.75,ğŸ¤½ğŸ¿â€â™€ï¸
handball,0.75,ğŸ¤¾
handball,0.75,ğŸ¤¾ğŸ»
handball,0.75,ğŸ¤¾ğŸ¿
woman playing handball type 3,0.75,ğŸ¤¾ğŸ½â€â™€ï¸
woman playing handball type 4,0.75,ğŸ¤¾ğŸ¾â€â™€ï¸
waving hand sign,0.75,ğŸ‘‹
man doing cartwheel type 6,0.75,ğŸ¤¸ğŸ¿â€â™‚ï¸
woman doing cartwheel,0.75,ğŸ¤¸â€â™€ï¸
woman doing cartwheel type 1 2,0.75,ğŸ¤¸ğŸ»â€â™€ï¸
woman doing cartwheel type 3,0.75,ğŸ¤¸ğŸ¼â€â™€ï¸
woman doing cartwheel type 4,0.75,ğŸ¤¸ğŸ½â€â™€ï¸
person doing cartwheel,0.75,ğŸ¤¸ğŸ¼
person doing cartwheel,0.75,ğŸ¤¸ğŸ½
person doing cartwheel,0.75,ğŸ¤¸ğŸ¾
wrestlers,0.75,ğŸ¤¼
woman doing cartwheel type 5,0.75,ğŸ¤¸ğŸ¾â€â™€ï¸
women wrestling,0.75,ğŸ¤¼â€â™€ï¸
water polo,0.75,ğŸ¤½
water polo,0.75,ğŸ¤½ğŸ»
water polo,0.75,ğŸ¤½ğŸ¼
man doing cartwheel type 4,0.75,ğŸ¤¸ğŸ½â€â™‚ï¸
man doing cartwheel type 5,0.75,ğŸ¤¸ğŸ¾â€â™‚ï¸
water polo,0.75,ğŸ¤½ğŸ¾
water polo,0.75,ğŸ¤½ğŸ¿
man playing water polo,0.75,ğŸ¤½â€â™‚ï¸
man playing water polo type 1 2,0.75,ğŸ¤½ğŸ»â€â™‚ï¸
man playing water polo type 3,0.75,ğŸ¤½ğŸ¼â€â™‚ï¸
man playing water polo type 4,0.75,ğŸ¤½ğŸ½â€â™‚ï¸
men wrestling,0.75,ğŸ¤¼â€â™‚ï¸
person in lotus position,0.75,ğŸ§˜ğŸ½
person in lotus position,0.75,ğŸ§˜ğŸ¾
man juggling type 4,0.75,ğŸ¤¹ğŸ½â€â™‚ï¸
man juggling type 5,0.75,ğŸ¤¹ğŸ¾â€â™‚ï¸
man juggling type 6,0.75,ğŸ¤¹ğŸ¿â€â™‚ï¸
woman juggling,0.75,ğŸ¤¹â€â™€ï¸
man in lotus position medium skin tone,0.75,ğŸ§˜ğŸ½â€â™‚ï¸
waving hand sign,0.75,ğŸ‘‹
man in lotus position medium dark skin tone,0.75,ğŸ§˜ğŸ¾â€â™‚ï¸
man in lotus position dark skin tone,0.75,ğŸ§˜ğŸ¿â€â™‚ï¸
woman juggling type 6,0.75,ğŸ¤¹ğŸ¿â€â™€ï¸
handball,0.75,ğŸ¤¾ğŸ¼
waving hand sign,0.75,ğŸ‘‹
person in lotus position,0.75,ğŸ§˜
bath,0.75,ğŸ›€
bath,0.75,ğŸ›€ğŸ»
monkey face,0.75,ğŸµ
monkey,0.75,ğŸ’
dog face,0.75,ğŸ¶
person doing cartwheel,0.75,ğŸ¤¸ğŸ»
person doing cartwheel,0.75,ğŸ¤¸
woman mountain biking type 6,0.75,ğŸšµğŸ¿â€â™€ï¸
woman mountain biking type 5,0.75,ğŸšµğŸ¾â€â™€ï¸
woman mountain biking type 4,0.75,ğŸšµğŸ½â€â™€ï¸
person doing cartwheel,0.75,ğŸ¤¸ğŸ¿
woman playing handball type 5,0.75,ğŸ¤¾ğŸ½â€â™€ï¸
woman playing handball type 6,0.75,ğŸ¤¾ğŸ¾â€â™€ï¸
juggling,0.75,ğŸ¤¹
juggling,0.75,ğŸ¤¹ğŸ»
man playing handball,0.75,ğŸ¤¾â€â™‚ï¸
man playing handball type 1 ,0.75,ğŸ¤¾ğŸ»â€â™‚ï¸
man playing handball type 2,0.75,ğŸ¤¾ğŸ¼â€â™‚ï¸
man playing handball type 3,0.75,ğŸ¤¾ğŸ½â€â™‚ï¸
man juggling,0.75,ğŸ¤¹â€â™‚ï¸
man juggling type 1 2,0.75,ğŸ¤¹ğŸ»â€â™‚ï¸
waving hand sign,0.75,ğŸ‘‹
man juggling type 3,0.75,ğŸ¤¹ğŸ¼â€â™‚ï¸
person in lotus position,0.75,ğŸ§˜ğŸ¼
man doing cartwheel type 3,0.75,ğŸ¤¸ğŸ¼â€â™‚ï¸
man doing cartwheel type 1 2,0.75,ğŸ¤¸ğŸ»â€â™‚ï¸
man doing cartwheel,0.75,ğŸ¤¸â€â™‚ï¸
woman juggling type 1 2,0.75,ğŸ¤¹ğŸ»â€â™€ï¸
woman juggling type 3,0.75,ğŸ¤¹ğŸ¼â€â™€ï¸
woman juggling type 4,0.75,ğŸ¤¹ğŸ½â€â™€ï¸
woman juggling type 5,0.75,ğŸ¤¹ğŸ¾â€â™€ï¸
juggling,0.75,ğŸ¤¹ğŸ¼
juggling,0.75,ğŸ¤¹ğŸ½
juggling,0.75,ğŸ¤¹ğŸ¾
juggling,0.75,ğŸ¤¹ğŸ¿
person in lotus position,0.75,ğŸ§˜ğŸ»
woman playing handball type 1 2,0.75,ğŸ¤¾ğŸ¼â€â™€ï¸
tangerine,0.75,ğŸŠ
lemon,0.75,ğŸ‹
banana,0.75,ğŸŒ
pineapple,0.75,ğŸ
shallow pan of food,0.75,ğŸ¥˜
pot of food,0.75,ğŸ²
bowl with spoon,0.75,ğŸ¥£
dango,0.75,ğŸ¡
dumpling,0.75,ğŸ¥Ÿ
bento box,0.75,ğŸ±
rice cracker,0.75,ğŸ˜
woman surfing type 4,0.75,ğŸ„ğŸ½â€â™€ï¸
cooked rice,0.75,ğŸš
curry and rice,0.75,ğŸ›
steaming bowl,0.75,ğŸœ
squid,0.75,ğŸ¦‘
soft ice cream,0.75,ğŸ¦
roasted sweet potato,0.75,ğŸ 
oden,0.75,ğŸ¢
sushi,0.75,ğŸ£
fried shrimp,0.75,ğŸ¤
fish cake with swirl design,0.75,ğŸ¥
moon cake,0.75,ğŸ¥®
shortcake,0.75,ğŸ°
rice ball,0.75,ğŸ™
golfer,0.75,ğŸŒğŸ¼
hamburger,0.75,ğŸ”
french fries,0.75,ğŸŸ
slice of pizza,0.75,ğŸ•
chestnut,0.75,ğŸŒ°
bread,0.75,ğŸ
croissant,0.75,ğŸ¥
baguette bread,0.75,ğŸ¥–
pretzel,0.75,ğŸ¥¨
stuffed flatbread,0.75,ğŸ¥™
egg,0.75,ğŸ¥š
cooking,0.75,ğŸ³
watermelon,0.75,ğŸ‰
meat on bone,0.75,ğŸ–
poultry leg,0.75,ğŸ—
cut of meat,0.75,ğŸ¥©
bacon,0.75,ğŸ¥“
green salad,0.75,ğŸ¥—
popcorn,0.75,ğŸ¿
salt shaker,0.75,ğŸ§‚
canned food,0.75,ğŸ¥«
hot dog,0.75,ğŸŒ­
sandwich,0.75,ğŸ¥ª
taco,0.75,ğŸŒ®
burrito,0.75,ğŸŒ¯
cheese wedge,0.75,ğŸ§€
wine glass,0.75,ğŸ·
cocktail glass,0.75,ğŸ¸
tropical drink,0.75,ğŸ¹
pie,0.75,ğŸ¥§
woman golfing type 1 2,0.75,ğŸŒğŸ»â€â™€ï¸
woman golfing,0.75,ğŸŒï¸â€â™€ï¸
man golfing type 6,0.75,ğŸŒğŸ¿â€â™‚ï¸
tumbler glass,0.75,ğŸ¥ƒ
cup with straw,0.75,ğŸ¥¤
chopsticks,0.75,ğŸ¥¢
fork and knife with plate,0.75,ğŸ½ï¸
cupcake,0.75,ğŸ§
spaghetti,0.75,ğŸ
fork and knife,0.75,ğŸ´
spoon,0.75,ğŸ¥„
amphora,0.75,ğŸº
earth globe europe africa,0.75,ğŸŒ
earth globe americas,0.75,ğŸŒ
beer mug,0.75,ğŸº
man dancing,0.75,ğŸ•ºğŸ¿
man dancing,0.75,ğŸ•ºğŸ¾
person in steamy room,0.75,ğŸ§–ğŸ¼
person in steamy room,0.75,ğŸ§–ğŸ»
person in steamy room,0.75,ğŸ§–
man golfing type 5,0.75,ğŸŒğŸ¾â€â™‚ï¸
fortune cookie,0.75,ğŸ¥ 
takeout box,0.75,ğŸ¥¡
woman golfing type 5,0.75,ğŸŒğŸ¾â€â™€ï¸
crab,0.75,ğŸ¦€
lobster,0.75,ğŸ¦
shrimp,0.75,ğŸ¦
bagel,0.75,ğŸ¥¯
pancakes,0.75,ğŸ¥
shaved ice,0.75,ğŸ§
ice cream,0.75,ğŸ¨
doughnut,0.75,ğŸ©
cookie,0.75,ğŸª
woman golfing type 3,0.75,ğŸŒğŸ¼â€â™€ï¸
ok hand sign,0.75,ğŸ‘Œ
chocolate bar,0.75,ğŸ«
candy,0.75,ğŸ¬
lollipop,0.75,ğŸ­
custard,0.75,ğŸ®
honey pot,0.75,ğŸ¯
baby bottle,0.75,ğŸ¼
glass of milk,0.75,ğŸ¥›
woman golfing type 4,0.75,ğŸŒğŸ½â€â™€ï¸
hot beverage,0.75,â˜•
teacup without handle,0.75,ğŸµ
sake bottle and cup,0.75,ğŸ¶
birthday cake,0.75,ğŸ‚
woman swimming type 5,0.75,ğŸŠğŸ¾â€â™€ï¸
woman rowing boat type 5,0.75,ğŸš£ğŸ¾â€â™€ï¸
man golfing type 3,0.75,ğŸŒğŸ¼â€â™‚ï¸
man golfing type 1 2,0.75,ğŸŒğŸ»â€â™‚ï¸
man golfing,0.75,ğŸŒï¸â€â™‚ï¸
golfer,0.75,ğŸŒğŸ¿
golfer,0.75,ğŸŒğŸ¾
golfer,0.75,ğŸŒğŸ½
man rowing boat type 5,0.75,ğŸš£ğŸ¾â€â™‚ï¸
man rowing boat type 4,0.75,ğŸš£ğŸ½â€â™‚ï¸
butterfly,0.75,ğŸ¦‹
surfer,0.75,ğŸ„
swimmer,0.75,ğŸŠğŸ½
swimmer,0.75,ğŸŠğŸ¼
swimmer,0.75,ğŸŠğŸ»
swimmer,0.75,ğŸŠ
woman rowing boat type 6,0.75,ğŸš£ğŸ¿â€â™€ï¸
rowboat,0.75,ğŸš£ğŸ½
rowboat,0.75,ğŸš£ğŸ¼
woman rowing boat type 4,0.75,ğŸš£ğŸ½â€â™€ï¸
woman rowing boat type 3,0.75,ğŸš£ğŸ¼â€â™€ï¸
woman rowing boat type 1 2,0.75,ğŸš£ğŸ»â€â™€ï¸
woman rowing boat,0.75,ğŸš£â€â™€ï¸
man rowing boat type 6,0.75,ğŸš£ğŸ¿â€â™‚ï¸
swimmer,0.75,ğŸŠğŸ¾
person with ball,0.75,â›¹ğŸ¾
person with ball,0.75,â›¹ğŸ½
person with ball,0.75,â›¹ğŸ¼
woman with ball type 6,0.75,ğŸ’¨
woman with ball type 4,0.75,â›¹ğŸ½â€â™€ï¸
woman with ball type 3,0.75,â›¹ğŸ¼â€â™€ï¸
dove of peace,0.75,ğŸ•Šï¸
panda face,0.75,ğŸ¼
hamster face,0.75,ğŸ¹
rabbit face,0.75,ğŸ°
woman with ball type 1 2,0.75,â›¹ğŸ»â€â™€ï¸
woman with ball,0.75,â›¹ï¸â€â™€ï¸
woman swimming type 6,0.75,ğŸŠğŸ¿â€â™€ï¸
woman swimming type 3,0.75,ğŸŠğŸ¼â€â™€ï¸
woman swimming type 1 2,0.75,ğŸŠğŸ»â€â™€ï¸
man with ball type 3,0.75,â›¹ğŸ¼â€â™‚ï¸
man with ball type 1 2,0.75,â›¹ğŸ»â€â™‚ï¸
man with ball,0.75,â›¹ï¸â€â™‚ï¸
person with ball,0.75,â›¹ğŸ¿
man swimming type 3,0.75,ğŸŠğŸ¼â€â™‚ï¸
man swimming type 1 2,0.75,ğŸŠğŸ»â€â™‚ï¸
man swimming,0.75,ğŸŠâ€â™‚ï¸
swimmer,0.75,ğŸŠğŸ¿
person with ball,0.75,â›¹ğŸ»
person with ball,0.75,â›¹ï¸
woman swimming type 4,0.75,ğŸŠğŸ½â€â™€ï¸
cherries,0.75,ğŸ’
strawberry,0.75,ğŸ“
man golfing type 4,0.75,ğŸŒğŸ½â€â™‚ï¸
grapes,0.75,ğŸ‡
melon,0.75,ğŸˆ
tomato,0.75,ğŸ…
coconut,0.75,ğŸ¥¥
avocado,0.75,ğŸ¥‘
aubergine,0.75,ğŸ†
potato,0.75,ğŸ¥”
carrot,0.75,ğŸ¥•
mango,0.75,ğŸ¥­
woman surfing type 3,0.75,ğŸ„ğŸ¼â€â™€ï¸
ear of maize,0.75,ğŸŒ½
hot pepper,0.75,ğŸŒ¶ï¸
cucumber,0.75,ğŸ¥’
leafy green,0.75,ğŸ¥¬
broccoli,0.75,ğŸ¥¦
mushroom,0.75,ğŸ„
peanuts,0.75,ğŸ¥œ
kiwifruit,0.75,ğŸ¥
surfer,0.75,ğŸ„ğŸ¾
surfer,0.75,ğŸ„ğŸ½
surfer,0.75,ğŸ„ğŸ¼
surfer,0.75,ğŸ„ğŸ»
red apple,0.75,ğŸ
woman surfing type 1 2,0.75,ğŸ„ğŸ»â€â™€ï¸
woman surfing,0.75,ğŸ„â€â™€ï¸
man rowing boat type 3,0.75,ğŸš£ğŸ¼â€â™‚ï¸
man rowing boat type 1 2,0.75,ğŸš£ğŸ»â€â™‚ï¸
man rowing boat,0.75,ğŸš£â€â™‚ï¸
rowboat,0.75,ğŸš£ğŸ¿
rowboat,0.75,ğŸš£ğŸ¾
man climbing,0.75,ğŸ§—â€â™‚ï¸
person climbing,0.75,ğŸ§—ğŸ¿
person climbing,0.75,ğŸ§—ğŸ¾
person climbing,0.75,ğŸ§—ğŸ½
person climbing,0.75,ğŸ§—ğŸ¼
peach,0.75,ğŸ‘
person climbing,0.75,ğŸ§—
woman golfing type 6,0.75,ğŸŒğŸ¿â€â™€ï¸
man surfing type 6,0.75,ğŸ„ğŸ¿â€â™‚ï¸
man surfing type 5,0.75,ğŸ„ğŸ¾â€â™‚ï¸
man surfing type 4,0.75,ğŸ„ğŸ½â€â™‚ï¸
man surfing type 3,0.75,ğŸ„ğŸ¼â€â™‚ï¸
seedling,0.75,ğŸŒ±
man surfing type 1 2,0.75,ğŸ„ğŸ»â€â™‚ï¸
man surfing,0.75,ğŸ„â€â™‚ï¸
surfer,0.75,ğŸ„ğŸ¿
green apple,0.75,ğŸ
pear,0.75,ğŸ
person climbing,0.75,ğŸ§—ğŸ»
robot face,0.5,ğŸ¤–
man in tuxedo,0.5,ğŸ¤µâ€â™‚
person with headscarf,0.5,ğŸ§•ğŸ¿
person with headscarf,0.5,ğŸ§•ğŸ¾
person with headscarf,0.5,ğŸ§•ğŸ½
person with headscarf,0.5,ğŸ§•ğŸ¼
person with headscarf,0.5,ğŸ§•ğŸ»
person with headscarf,0.5,ğŸ§•
man with gua pi mao,0.5,ğŸ‘²ğŸ¿
man with gua pi mao,0.5,ğŸ‘²ğŸ¾
man with gua pi mao,0.5,ğŸ‘²ğŸ½
man with gua pi mao,0.5,ğŸ‘²ğŸ¼
female construction worker type 1 2,0.5,ğŸ‘·ğŸ»â€â™€ï¸
female construction worker type 3,0.5,ğŸ‘·ğŸ¼â€â™€ï¸
female construction worker type 4,0.5,ğŸ‘·ğŸ½â€â™€ï¸
female construction worker type 5,0.5,ğŸ‘·ğŸ¾â€â™€ï¸
female construction worker type 6,0.5,ğŸ‘·ğŸ¿â€â™€ï¸
prince,0.5,ğŸ¤´ğŸ»
prince,0.5,ğŸ¤´ğŸ¼
prince,0.5,ğŸ¤´ğŸ½
male construction worker,0.5,ğŸ‘·â€â™‚ï¸
male construction worker type 1 2,0.5,ğŸ‘·ğŸ»â€â™‚ï¸
male construction worker type 3,0.5,ğŸ‘·ğŸ¼â€â™‚ï¸
male construction worker type 4,0.5,ğŸ‘·ğŸ½â€â™‚ï¸
male construction worker type 5,0.5,ğŸ‘·ğŸ¾â€â™‚ï¸
male construction worker type 6,0.5,ğŸ‘·ğŸ¿â€â™‚ï¸
female construction worker,0.5,ğŸ‘·â€â™€ï¸
female guard type 6,0.5,ğŸ’‚ğŸ¿â€â™€
construction worker,0.5,ğŸ‘·
construction worker,0.5,ğŸ‘·ğŸ»
construction worker,0.5,ğŸ‘·ğŸ¼
construction worker,0.5,ğŸ‘·ğŸ½
construction worker,0.5,ğŸ‘·ğŸ¾
construction worker,0.5,ğŸ‘·ğŸ¿
male guard type 4,0.5,ğŸ’‚ğŸ½
male guard type 5,0.5,ğŸ’‚ğŸ¾
male guard type 6,0.5,ğŸ’‚ğŸ¿
female guard,0.5,ğŸ’‚â€â™€
female guard type 1 2,0.5,ğŸ’‚ğŸ»â€â™€
female guard type 3,0.5,ğŸ’‚ğŸ¼â€â™€
female guard type 4,0.5,ğŸ’‚ğŸ½â€â™€
female guard type 5,0.5,ğŸ’‚ğŸ¾â€â™€
dvd,0.5,ğŸ“€
abacus,0.5,ğŸ§®
movie camera,0.5,ğŸ¥
film frames,0.5,ğŸï¸
white left pointing backhand index,0.5,ğŸ‘ˆ
film projector,0.5,ğŸ“½ï¸
clapper board,0.5,ğŸ¬
television,0.5,ğŸ“º
printer,0.5,ğŸ–¨ï¸
white left pointing backhand index,0.5,ğŸ‘ˆ
keyboard,0.5,âŒ¨ï¸
three button mouse,0.5,ğŸ–±ï¸
trackball,0.5,ğŸ–²ï¸
minidisc,0.5,ğŸ’½
floppy disk,0.5,ğŸ’¾
optical disc,0.5,ğŸ’¿
currency exchange,0.5,ğŸ’±
white right pointing backhand index,0.5,ğŸ‘‰
heavy dollar sign,0.5,ğŸ’²
envelope,0.5,âœ‰ï¸
e mail symbol,0.5,ğŸ“§
electric plug,0.5,ğŸ”Œ
personal computer,0.5,ğŸ’»
desktop computer,0.5,ğŸ–¥ï¸
newspaper,0.5,ğŸ“°
rolled up newspaper,0.5,ğŸ—ï¸
bookmark tabs,0.5,ğŸ“‘
bookmark,0.5,ğŸ”–
label,0.5,ğŸ·ï¸
white right pointing backhand index,0.5,ğŸ‘‰
credit card,0.5,ğŸ’³
receipt,0.5,ğŸ§¾
ballot box with ballot,0.5,ğŸ—³ï¸
pencil,0.5,âœï¸
black nib,0.5,âœ’ï¸
lower left fountain pen,0.5,ğŸ–‹ï¸
lower left ballpoint pen,0.5,ğŸ–Šï¸
lower left paintbrush,0.5,ğŸ–Œï¸
lower left crayon,0.5,ğŸ–ï¸
white right pointing backhand index,0.5,ğŸ‘‰
inbox tray,0.5,ğŸ“¥
package,0.5,ğŸ“¦
closed mailbox with raised flag,0.5,ğŸ“ª
closed mailbox with lowered flag,0.5,ğŸ“«
white right pointing backhand index,0.5,ğŸ‘‰
open mailbox with raised flag,0.5,ğŸ“¬
open mailbox with lowered flag,0.5,ğŸ“­
postbox,0.5,ğŸ“®
electric light bulb,0.5,ğŸ’¡
electric torch,0.5,ğŸ”¦
izakaya lantern,0.5,ğŸ®
notebook with decorative cover,0.5,ğŸ“”
closed book,0.5,ğŸ“•
incoming envelope,0.5,ğŸ“¨
envelope with downwards arrow above,0.5,ğŸ“©
outbox tray,0.5,ğŸ“¤
camera,0.5,ğŸ“·
camera with flash,0.5,ğŸ“¸
video camera,0.5,ğŸ“¹
videocassette,0.5,ğŸ“¼
left pointing magnifying glass,0.5,ğŸ”
right pointing magnifying glass,0.5,ğŸ”
candle,0.5,ğŸ•¯ï¸
white left pointing backhand index,0.5,ğŸ‘ˆ
lock,0.5,ğŸ”’
open lock,0.5,ğŸ”“
lock with ink pen,0.5,ğŸ”
closed lock with key,0.5,ğŸ”
key,0.5,ğŸ”‘
old key,0.5,ğŸ—ï¸
hammer,0.5,ğŸ”¨
white up pointing backhand index,0.5,ğŸ‘†
linked paperclips,0.5,ğŸ–‡ï¸
straight ruler,0.5,ğŸ“
triangular ruler,0.5,ğŸ“
black scissors,0.5,âœ‚ï¸
white up pointing backhand index,0.5,ğŸ‘†
card file box,0.5,ğŸ—ƒï¸
file cabinet,0.5,ğŸ—„ï¸
wastebasket,0.5,ğŸ—‘ï¸
card index,0.5,ğŸ“‡
white right pointing backhand index,0.5,ğŸ‘‰
bar chart,0.5,ğŸ“Š
clipboard,0.5,ğŸ“‹
pushpin,0.5,ğŸ“Œ
round pushpin,0.5,ğŸ“
paperclip,0.5,ğŸ“
memo,0.5,ğŸ“
briefcase,0.5,ğŸ’¼
file folder,0.5,ğŸ“
card index dividers,0.5,ğŸ—‚ï¸
calendar,0.5,ğŸ“†
tear off calendar,0.5,ğŸ“…
spiral note pad,0.5,ğŸ—’ï¸
spiral calendar pad,0.5,ğŸ—“ï¸
satellite antenna,0.5,ğŸ“¡
door,0.5,ğŸšª
bed,0.5,ğŸ›ï¸
couch and lamp,0.5,ğŸ›‹ï¸
toilet,0.5,ğŸš½
white up pointing backhand index,0.5,ğŸ‘†
magnet,0.5,ğŸ§²
alembic,0.5,âš—ï¸ 
test tube,0.5,ğŸ§ª
petri dish,0.5,ğŸ§«
white up pointing backhand index,0.5,ğŸ‘†
dna double helix,0.5,ğŸ§¬
microscope,0.5,ğŸ”¬
telescope,0.5,ğŸ”­
nut and bolt,0.5,ğŸ”©
white up pointing backhand index,0.5,ğŸ‘†
gear,0.5,âš™ï¸
compression,0.5,ğŸ—œï¸
scales,0.5,âš–ï¸
link symbol,0.5,ğŸ”—
chains,0.5,â›“ï¸
toolbox,0.5,ğŸ§°
pick,0.5,â›ï¸
hammer and pick,0.5,âš’ï¸
hammer and wrench,0.5,ğŸ› ï¸
wrench,0.5,ğŸ”§
water closet,0.5,ğŸš¾
passport control,0.5,ğŸ›‚
customs,0.5,ğŸ›ƒ
baggage claim,0.5,ğŸ›„
left luggage,0.5,ğŸ›…
children crossing,0.5,ğŸš¸
put litter in its place symbol,0.5,ğŸš®
potable water symbol,0.5,ğŸš°
wheelchair symbol,0.5,â™¿
mens symbol,0.5,ğŸš¹
womens symbol,0.5,ğŸšº
restroom,0.5,ğŸš»
baby symbol,0.5,ğŸš¼
sponge,0.5,ğŸ§½
fire extinguisher,0.5,ğŸ§¯
white up pointing backhand index,0.5,ğŸ‘†
shopping trolley,0.5,ğŸ›’
automated teller machine,0.5,ğŸ§
shower,0.5,ğŸš¿
bathtub,0.5,ğŸ›
lotion bottle,0.5,ğŸ§´
safety pin,0.5,ğŸ§·
broom,0.5,ğŸ§¹
basket,0.5,ğŸ§º
roll of paper,0.5,ğŸ§»
bar of soap,0.5,ğŸ§¼
rightwards arrow with hook,0.5,â†ªï¸
arrow pointing rightwards then curving upwards,0.5,â¤´ï¸
arrow pointing rightwards then curving downwards,0.5,â¤µï¸
clockwise downwards and upwards open circle arrows,0.5,ğŸ”„
anticlockwise downwards and upwards open circle arrows,0.5,ğŸ”ƒ
back with leftwards arrow above,0.5,ğŸ”™
end with leftwards arrow above,0.5,ğŸ”š
on with exclamation mark with left right arrow above,0.5,ğŸ”›
downwards black arrow,0.5,â¬‡ï¸
south west arrow,0.5,â†™ï¸
leftwards black arrow,0.5,â¬…ï¸
north west arrow,0.5,â†–ï¸
up down arrow,0.5,â†•ï¸
left right arrow,0.5,â†”ï¸
leftwards arrow with hook,0.5,â†©ï¸
upwards black arrow,0.5,â¬†ï¸
north east arrow,0.5,â†—ï¸
black rightwards arrow,0.5,â¡ï¸
south east arrow,0.5,â†˜ï¸
black right pointing double triangle with vertical bar,0.5,â­ï¸
black right pointing triangle with double vertical bar,0.5,â¯ï¸
black left pointing triangle,0.5,â—€ï¸
black left pointing double triangle,0.5,âª
black left pointing double triangle with vertical bar,0.5,â®ï¸
speaker with one sound wave,0.5,ğŸ”‰
speaker with three sound waves,0.5,ğŸ”Š
public address loudspeaker,0.5,ğŸ“¢
pisces,0.5,â™“
ophiuchus,0.5,â›
twisted rightwards arrows,0.5,ğŸ”€
clockwise rightwards and leftwards open circle arrows,0.5,ğŸ”
clockwise rightwards and leftwards open circle arrows with circled one overlay,0.5,ğŸ”‚
white down pointing backhand index,0.5,ğŸ‘‡
black right pointing triangle,0.5,â–¶ï¸
black right pointing double triangle,0.5,â©
leo,0.5,â™Œ
virgo,0.5,â™
white down pointing backhand index,0.5,ğŸ‘‡
libra,0.5,â™
scorpius,0.5,â™
sagittarius,0.5,â™
capricorn,0.5,â™‘
aquarius,0.5,â™’
soon with rightwards arrow above,0.5,ğŸ”œ
top with upwards arrow above,0.5,ğŸ”
aries,0.5,â™ˆ
taurus,0.5,â™‰
gemini,0.5,â™Š
cancer,0.5,â™‹
black square for stop,0.5,â¹ï¸
black circle for record,0.5,âºï¸
eject symbol,0.5,âï¸
cinema,0.5,ğŸ¦
low brightness symbol,0.5,ğŸ”…
high brightness symbol,0.5,ğŸ”†
antenna with bars,0.5,ğŸ“¶
vibration mode,0.5,ğŸ“³
fax machine,0.5,ğŸ“ 
battery,0.5,ğŸ”‹
up pointing small red triangle,0.5,ğŸ”¼
black up pointing double triangle,0.5,â«
down pointing small red triangle,0.5,ğŸ”½
white down pointing backhand index,0.5,ğŸ‘‡
black down pointing double triangle,0.5,â¬
double vertical bar,0.5,â¸ï¸
control knobs,0.5,ğŸ›ï¸
white left pointing backhand index,0.5,ğŸ‘ˆ
microphone,0.5,ğŸ¤
white left pointing backhand index,0.5,ğŸ‘ˆ
mobile phone with rightwards arrow at left,0.5,ğŸ“²
black telephone,0.5,â˜ï¸
telephone receiver,0.5,ğŸ“
pager,0.5,ğŸ“Ÿ
white left pointing backhand index,0.5,ğŸ‘ˆ
cheering megaphone,0.5,ğŸ“£
postal horn,0.5,ğŸ“¯
bell,0.5,ğŸ””
bell with cancellation stroke,0.5,ğŸ”•
musical score,0.5,ğŸ¼
studio microphone,0.5,ğŸ™ï¸
level slider,0.5,ğŸšï¸
white up pointing index,0.5,â˜ï¸
trade mark sign,0.5,â„¢ï¸
keycap ten,0.5,ğŸ”Ÿ
input symbol for latin capital letters,0.5,ğŸ” 
input symbol for latin small letters,0.5,ğŸ”¡
input symbol for numbers,0.5,ğŸ”¢
input symbol for symbols,0.5,ğŸ”£
input symbol for latin letters,0.5,ğŸ”¤
white down pointing backhand index,0.5,ğŸ‘‡
double exclamation mark,0.5,â€¼ï¸
exclamation question mark,0.5,â‰ï¸
black question mark ornament,0.5,â“
white question mark ornament,0.5,â”
white exclamation mark ornament,0.5,â•
heavy exclamation mark symbol,0.5,â—
wavy dash,0.5,ã€°ï¸
cross mark,0.5,âŒ
negative squared cross mark,0.5,â
heavy plus sign,0.5,â•
heavy minus sign,0.5,â–
heavy division sign,0.5,â—
curly loop,0.5,â°
double curly loop,0.5,â¿
part alternation mark,0.5,ã€½ï¸
white down pointing backhand index,0.5,ğŸ‘‡
mobile phone off,0.5,ğŸ“´
permanent paper sign,0.5,ğŸ“
name badge,0.5,ğŸ“›
japanese symbol for beginner,0.5,ğŸ”°
heavy large circle,0.5,â­•
white down pointing backhand index,0.5,ğŸ‘‡
heavy multiplication x,0.5,âœ–ï¸
squared cjk unified ideograph 7121,0.5,ğŸˆš
squared cjk unified ideograph 7981,0.5,ğŸˆ²
circled ideograph accept,0.5,ğŸ‰‘
squared cjk unified ideograph 7533,0.5,ğŸˆ¸
squared cjk unified ideograph 5408,0.5,ğŸˆ´
squared cjk unified ideograph 7a7a,0.5,ğŸˆ³
circled ideograph congratulation,0.5,ãŠ—ï¸
circled ideograph secret,0.5,ãŠ™ï¸
squared katakana koko,0.5,ğŸˆ
squared katakana sa,0.5,ğŸˆ‚ï¸
squared cjk unified ideograph 6708,0.5,ğŸˆ·ï¸
squared cjk unified ideograph 6709,0.5,ğŸˆ¶
squared cjk unified ideograph 6307,0.5,ğŸˆ¯
circled ideograph advantage,0.5,ğŸ‰
white up pointing index,0.5,â˜ï¸
squared cjk unified ideograph 5272,0.5,ğŸˆ¹
squared id,0.5,ğŸ†”
circled latin capital letter m,0.5,â“‚ï¸
squared ng,0.5,ğŸ†–
white up pointing index,0.5,â˜ï¸
negative squared latin capital letter p,0.5,ğŸ…¿ï¸
squared vs,0.5,ğŸ†š
negative squared latin capital letter a,0.5,ğŸ…°ï¸
negative squared ab,0.5,ğŸ†
negative squared latin capital letter b,0.5,ğŸ…±ï¸
white up pointing index,0.5,â˜ï¸
squared cl,0.5,ğŸ†‘
squared cool,0.5,ğŸ†’
squared free,0.5,ğŸ†“
information source,0.5,â„¹ï¸
guardsman,0.5,ğŸ’‚ğŸ½
guardsman,0.5,ğŸ’‚ğŸ¾
guardsman,0.5,ğŸ’‚ğŸ¿
male guard,0.5,ğŸ’‚
male guard type 1 2,0.5,ğŸ’‚ğŸ»
male guard type 3,0.5,ğŸ’‚ğŸ¼
upside down face,0.5,ğŸ™ƒ
female sleuth type 1 2,0.5,ğŸ•µğŸ»â€â™€
female sleuth type 3,0.5,ğŸ•µğŸ¼â€â™€
female sleuth type 4,0.5,ğŸ•µğŸ½â€â™€
female sleuth type 5,0.5,ğŸ•µğŸ¾â€â™€
female sleuth type 6,0.5,ğŸ•µğŸ¿â€â™€
guardsman,0.5,ğŸ’‚
guardsman,0.5,ğŸ’‚ğŸ»
guardsman,0.5,ğŸ’‚ğŸ¼
woman mage medium skin tone,0.5,ğŸ§™ğŸ½â€â™€ï¸
woman mage medium dark skin tone,0.5,ğŸ§™ğŸ¾â€â™€ï¸
woman mage dark skin tone,0.5,ğŸ§™ğŸ¿â€â™€ï¸
male sleuth type 5,0.5,ğŸ•µğŸ¾
male sleuth type 6,0.5,ğŸ•µğŸ¿
female sleuth,0.5,ğŸ•µâ€â™€
man mage light skin tone,0.5,ğŸ§™ğŸ»â€â™‚ï¸
man mage medium light skin tone,0.5,ğŸ§™ğŸ¼â€â™‚ï¸
man mage medium skin tone,0.5,ğŸ§™ğŸ½â€â™‚ï¸
man mage medium dark skin tone,0.5,ğŸ§™ğŸ¾â€â™‚ï¸
man mage dark skin tone,0.5,ğŸ§™ğŸ¿â€â™‚ï¸
woman mage,0.5,ğŸ§™â€â™€ï¸
woman mage light skin tone,0.5,ğŸ§™ğŸ»â€â™€ï¸
woman mage medium light skin tone,0.5,ğŸ§™ğŸ¼â€â™€ï¸
chequered flag,0.5,ğŸ
triangular flag on post,0.5,ğŸš©
crossed flags,0.5,ğŸŒ
waving black flag,0.5,ğŸ´
waving white flag,0.5,ğŸ³ï¸
dress,0.5,ğŸ‘—
kimono,0.5,ğŸ‘˜
small orange diamond,0.5,ğŸ”¸
small blue diamond,0.5,ğŸ”¹
up pointing red triangle,0.5,ğŸ”º
down pointing red triangle,0.5,ğŸ”»
diamond shape with a dot inside,0.5,ğŸ’ 
radio button,0.5,ğŸ”˜
white square button,0.5,ğŸ”³
black square button,0.5,ğŸ”²
white large square,0.5,â¬œ
black medium square,0.5,â—¼ï¸
white medium square,0.5,â—»ï¸
black small square,0.5,â—¾
white up pointing index,0.5,â˜ï¸
white small square,0.5,â—½
large orange diamond,0.5,ğŸ”¶
large blue diamond,0.5,ğŸ”·
squared cjk unified ideograph 55b6,0.5,ğŸˆº
white up pointing index,0.5,â˜ï¸
squared cjk unified ideograph 6e80,0.5,ğŸˆµ
large red circle,0.5,ğŸ”´
large blue circle,0.5,ğŸ”µ
medium black circle,0.5,âš«
medium white circle,0.5,âšª
black large square,0.5,â¬›
goggles,0.5,ğŸ¥½
lab coat,0.5,ğŸ¥¼
necktie,0.5,ğŸ‘”
t shirt,0.5,ğŸ‘•
jeans,0.5,ğŸ‘–
scarf,0.5,ğŸ§£
gloves,0.5,ğŸ§¤
coat,0.5,ğŸ§¥
lipstick,0.5,ğŸ’„
speaker with cancellation stroke,0.5,ğŸ”‡
speaker,0.5,ğŸ”ˆ
frame with picture,0.5,ğŸ–¼ï¸
artist palette,0.5,ğŸ¨
spool of thread,0.5,ğŸ§µ
ball of yarn,0.5,ğŸ§¶
eyeglasses,0.5,ğŸ‘“
flat shoe,0.5,ğŸ¥¿
high heeled shoe,0.5,ğŸ‘ 
womans sandal,0.5,ğŸ‘¡
womans boots,0.5,ğŸ‘¢
womans hat,0.5,ğŸ‘’
top hat,0.5,ğŸ©
billed cap,0.5,ğŸ§¢
helmet with white cross,0.5,â›‘ï¸
womans clothes,0.5,ğŸ‘š
purse,0.5,ğŸ‘›
handbag,0.5,ğŸ‘œ
pouch,0.5,ğŸ‘
school satchel,0.5,ğŸ’
mans shoe,0.5,ğŸ‘
athletic shoe,0.5,ğŸ‘Ÿ
hiking boot,0.5,ğŸ¥¾
closed umbrella,0.5,ğŸŒ‚
umbrella,0.5,â˜‚ï¸
umbrella with rain drops,0.5,â˜”
umbrella on ground,0.5,â›±ï¸
comet,0.5,â˜„ï¸
droplet,0.5,ğŸ’§
clock face six thirty,0.5,ğŸ•¡
white sun with small cloud,0.5,ğŸŒ¤ï¸
white sun behind cloud,0.5,ğŸŒ¥ï¸
white sun behind cloud with rain,0.5,ğŸŒ¦ï¸
cloud with rain,0.5,ğŸŒ§ï¸
cloud with snow,0.5,ğŸŒ¨ï¸
fog,0.5,ğŸŒ«ï¸
curling stone,0.5,ğŸ¥Œ
billiards,0.5,ğŸ±
water wave,0.5,ğŸŒŠ
admission tickets,0.5,ğŸŸï¸
ticket,0.5,ğŸ«
cloud,0.5,â˜ï¸
sun behind cloud,0.5,â›…
socks,0.5,ğŸ§¦
martial arts uniform,0.5,ğŸ¥‹
goal net,0.5,ğŸ¥…
flag in hole,0.5,â›³
ice skate,0.5,â›¸ï¸
fishing pole and fish,0.5,ğŸ£
ski and ski boot,0.5,ğŸ¿
sled,0.5,ğŸ›·
alarm clock,0.5,â°
stopwatch,0.5,â±ï¸
timer clock,0.5,â²ï¸
mantelpiece clock,0.5,ğŸ•°ï¸
clock face twelve oclock,0.5,ğŸ•›
clock face twelve thirty,0.5,ğŸ•§
clock face one oclock,0.5,ğŸ•
clock face one thirty,0.5,ğŸ•œ
satellite,0.5,ğŸ›°ï¸
rocket,0.5,ğŸš€
flying saucer,0.5,ğŸ›¸
bellhop bell,0.5,ğŸ›ï¸
luggage,0.5,ğŸ§³
hourglass,0.5,âŒ›
hourglass with flowing sand,0.5,â³
watch,0.5,âŒš
clock face eleven oclock,0.5,ğŸ•š
clock face eleven thirty,0.5,ğŸ•¦
helicopter,0.5,ğŸš
suspension railway,0.5,ğŸšŸ
mountain cableway,0.5,ğŸš 
aerial tramway,0.5,ğŸš¡
clock face seven oclock,0.5,ğŸ•–
clock face seven thirty,0.5,ğŸ•¢
clock face eight oclock,0.5,ğŸ•—
clock face eight thirty,0.5,ğŸ•£
clock face nine oclock,0.5,ğŸ•˜
clock face nine thirty,0.5,ğŸ•¤
clock face ten oclock,0.5,ğŸ•™
clock face ten thirty,0.5,ğŸ•¥
vertical traffic light,0.5,ğŸš¦
octagonal sign,0.5,ğŸ›‘
construction sign,0.5,ğŸš§
anchor,0.5,âš“
sailboat,0.5,â›µ
canoe,0.5,ğŸ›¶
speedboat,0.5,ğŸš¤
passenger ship,0.5,ğŸ›³ï¸
skateboard,0.5,ğŸ›¹
bus stop,0.5,ğŸš
motorway,0.5,ğŸ›£ï¸
railway track,0.5,ğŸ›¤ï¸
oil drum,0.5,ğŸ›¢ï¸
fuel pump,0.5,â›½
horizontal traffic light,0.5,ğŸš¥
clock face six oclock,0.5,ğŸ••
racing motorcycle,0.5,ğŸï¸
motor scooter,0.5,ğŸ›µ
bicycle,0.5,ğŸš²
scooter,0.5,ğŸ›´
clock face two oclock,0.5,ğŸ•‘
clock face two thirty,0.5,ğŸ•
clock face three oclock,0.5,ğŸ•’
clock face three thirty,0.5,ğŸ•
clock face four oclock,0.5,ğŸ•“
clock face four thirty,0.5,ğŸ•Ÿ
clock face five oclock,0.5,ğŸ•”
clock face five thirty,0.5,ğŸ• 
trolleybus,0.5,ğŸš
minibus,0.5,ğŸš
ambulance,0.5,ğŸš‘
fire engine,0.5,ğŸš’
police car,0.5,ğŸš“
oncoming police car,0.5,ğŸš”
taxi,0.5,ğŸš•
oncoming taxi,0.5,ğŸš–
light rail,0.5,ğŸšˆ
station,0.5,ğŸš‰
tram,0.5,ğŸšŠ
monorail,0.5,ğŸš
mountain railway,0.5,ğŸš
tram car,0.5,ğŸš‹
bus,0.5,ğŸšŒ
oncoming bus,0.5,ğŸš
raised fist,0.5,âœŠ
railway car,0.5,ğŸšƒ
high speed train,0.5,ğŸš„
high speed train with bullet nose,0.5,ğŸš…
train,0.5,ğŸš†
metro,0.5,ğŸš‡
ferry,0.5,â›´ï¸
motor boat,0.5,ğŸ›¥ï¸
ship,0.5,ğŸš¢
airplane,0.5,âœˆï¸
small airplane,0.5,ğŸ›©ï¸
airplane departure,0.5,ğŸ›«
airplane arriving,0.5,ğŸ›¬
seat,0.5,ğŸ’º
tent,0.5,â›º
foggy,0.5,ğŸŒ
hot springs,0.5,â™¨ï¸
raised fist,0.5,âœŠ
raised fist,0.5,âœŠ
earth globe asia australia,0.5,ğŸŒ
globe with meridians,0.5,ğŸŒ
tokyo tower,0.5,ğŸ—¼
statue of liberty,0.5,ğŸ—½
church,0.5,â›ª
mosque,0.5,ğŸ•Œ
synagogue,0.5,ğŸ•
shinto shrine,0.5,â›©ï¸
kaaba,0.5,ğŸ•‹
fountain,0.5,â›²
raised fist,0.5,âœŠ
raised fist,0.5,âœŠ
victory hand,0.5,âœŒï¸
school,0.5,ğŸ«
department store,0.5,ğŸ¬
factory,0.5,ğŸ­
japanese castle,0.5,ğŸ¯
european castle,0.5,ğŸ°
automobile,0.5,ğŸš—
oncoming automobile,0.5,ğŸš˜
recreational vehicle,0.5,ğŸš™
delivery truck,0.5,ğŸšš
articulated lorry,0.5,ğŸš›
tractor,0.5,ğŸšœ
racing car,0.5,ğŸï¸
raised fist,0.5,âœŠ
raised hand with part between middle and ring fingers,0.5,ğŸ––
raised hand,0.5,âœ‹
raised hand with part between middle and ring fingers,0.5,ğŸ––
raised hand with part between middle and ring fingers,0.5,ğŸ––
lady beetle,0.5,ğŸ
bank,0.5,ğŸ¦
hotel,0.5,ğŸ¨
convenience store,0.5,ğŸª
ok hand sign,0.5,ğŸ‘Œ
raised hand with part between middle and ring fingers,0.5,ğŸ––
raised hand with part between middle and ring fingers,0.5,ğŸ––
raised hand with part between middle and ring fingers,0.5,ğŸ––
house buildings,0.5,ğŸ˜ï¸
derelict house building,0.5,ğŸšï¸
house building,0.5,ğŸ 
house with garden,0.5,ğŸ¡
office building,0.5,ğŸ¢
japanese post office,0.5,ğŸ£
european post office,0.5,ğŸ¤
world map,0.5,ğŸ—ºï¸
silhouette of japan,0.5,ğŸ—¾
compass,0.5,ğŸ§­
stadium,0.5,ğŸŸï¸
classical building,0.5,ğŸ›ï¸
building construction,0.5,ğŸ—ï¸
brick,0.5,ğŸ§±
swan,0.5,ğŸ¦¢
owl,0.5,ğŸ¦‰
peacock,0.5,ğŸ¦š
parrot,0.5,ğŸ¦œ
frog face,0.5,ğŸ¸
crocodile,0.5,ğŸŠ
turtle,0.5,ğŸ¢
lizard,0.5,ğŸ¦
maple leaf,0.5,ğŸ
fallen leaf,0.5,ğŸ‚
leaf fluttering in wind,0.5,ğŸƒ
eagle,0.5,ğŸ¦…
duck,0.5,ğŸ¦†
raised hand with fingers splayed,0.5,ğŸ––
raised hand,0.5,âœ‹
evergreen tree,0.5,ğŸŒ²
deciduous tree,0.5,ğŸŒ³
palm tree,0.5,ğŸŒ´
cactus,0.5,ğŸŒµ
ear of rice,0.5,ğŸŒ¾
raised hand,0.5,âœ‹
herb,0.5,ğŸŒ¿
cricket,0.5,ğŸ¦—
spider,0.5,ğŸ•·ï¸
raised hand,0.5,âœ‹
spider web,0.5,ğŸ•¸ï¸
raised hand with fingers splayed,0.5,ğŸ––
giraffe face,0.5,ğŸ¦’
elephant,0.5,ğŸ˜
rhinoceros,0.5,ğŸ¦
hippopotamus,0.5,ğŸ¦›
mouse face,0.5,ğŸ­
mouse,0.5,ğŸ
snail,0.5,ğŸŒ
bug,0.5,ğŸ›
ant,0.5,ğŸœ
honeybee,0.5,ğŸ
dolphin,0.5,ğŸ¬
fish,0.5,ğŸŸ
tropical fish,0.5,ğŸ 
blowfish,0.5,ğŸ¡
shark,0.5,ğŸ¦ˆ
raised hand,0.5,âœ‹
octopus,0.5,ğŸ™
spiral shell,0.5,ğŸš
dragon face,0.5,ğŸ²
raised hand,0.5,âœ‹
dragon,0.5,ğŸ‰
sauropod,0.5,ğŸ¦•
t rex,0.5,ğŸ¦–
spouting whale,0.5,ğŸ³
whale,0.5,ğŸ‹
sleuth or spy,0.5,ğŸ•µğŸ¿
male sleuth,0.5,ğŸ•µ
male sleuth type 1 2,0.5,ğŸ•µğŸ»
male sleuth type 3,0.5,ğŸ•µğŸ¼
male sleuth type 4,0.5,ğŸ•µğŸ½
mage,0.5,ğŸ§™ğŸ¿
man mage,0.5,ğŸ§™â€â™‚ï¸
female police officer type 4,0.5,ğŸ‘®ğŸ½â€â™€ï¸
female police officer type 5,0.5,ğŸ‘®ğŸ¾â€â™€ï¸
female police officer type 6,0.5,ğŸ‘®ğŸ¿â€â™€ï¸
sleuth or spy,0.5,ğŸ•µ
sleuth or spy,0.5,ğŸ•µğŸ»
sleuth or spy,0.5,ğŸ•µğŸ¼
sleuth or spy,0.5,ğŸ•µğŸ½
sleuth or spy,0.5,ğŸ•µğŸ¾
male police officer type 3,0.5,ğŸ‘®ğŸ¼â€â™‚ï¸
male police officer type 4,0.5,ğŸ‘®ğŸ½â€â™‚ï¸
male police officer type 5,0.5,ğŸ‘®ğŸ¾â€â™‚ï¸
male police officer type 6,0.5,ğŸ‘®ğŸ¿â€â™‚ï¸
female police officer,0.5,ğŸ‘®â€â™€ï¸
female police officer type 1 2,0.5,ğŸ‘®ğŸ»â€â™€ï¸
female police officer type 3,0.5,ğŸ‘®ğŸ¼â€â™€ï¸
police officer,0.5,ğŸ‘®ğŸ»
police officer,0.5,ğŸ‘®ğŸ¼
police officer,0.5,ğŸ‘®ğŸ½
police officer,0.5,ğŸ‘®ğŸ¾
police officer,0.5,ğŸ‘®ğŸ¿
male police officer,0.5,ğŸ‘®â€â™‚ï¸
male police officer type 1 2,0.5,ğŸ‘®ğŸ»â€â™‚ï¸
open hands sign,0.5,ğŸ‘
open hands sign,0.5,ğŸ‘
open hands sign,0.5,ğŸ‘
open hands sign,0.5,ğŸ‘
thinking face,0.5,ğŸ¤”
open hands sign,0.5,ğŸ‘
open hands sign,0.5,ğŸ‘
dog,0.5,ğŸ•
penguin,0.5,ğŸ§
face with finger covering closed lips,0.5,ğŸ¤«
kangaroo,0.5,ğŸ¦˜
badger,0.5,ğŸ¦¡
paw prints,0.5,ğŸ¾
turkey,0.5,ğŸ¦ƒ
raised hand with fingers splayed,0.5,ğŸ––
chicken,0.5,ğŸ”
rooster,0.5,ğŸ“
bird,0.5,ğŸ¦
rat,0.5,ğŸ€
rabbit,0.5,ğŸ‡
raised hand with fingers splayed,0.5,ğŸ––
chipmunk,0.5,ğŸ¿ï¸
hedgehog,0.5,ğŸ¦”
bat,0.5,ğŸ¦‡
bear face,0.5,ğŸ»
koala,0.5,ğŸ¨
sheep,0.5,ğŸ‘
goat,0.5,ğŸ
dromedary camel,0.5,ğŸª
bactrian camel,0.5,ğŸ«
llama,0.5,ğŸ¦™
writing hand,0.5,âœï¸
writing hand,0.5,âœğŸ»
water buffalo,0.5,ğŸƒ
cow,0.5,ğŸ„
raised hand with fingers splayed,0.5,ğŸ¤š
pig face,0.5,ğŸ·
pig,0.5,ğŸ–
boar,0.5,ğŸ—
ram,0.5,ğŸ
raised hand with fingers splayed,0.5,ğŸ–ï¸
leopard,0.5,ğŸ†
horse face,0.5,ğŸ´
horse,0.5,ğŸ
zebra face,0.5,ğŸ¦“
deer,0.5,ğŸ¦Œ
cow face,0.5,ğŸ®
ox,0.5,ğŸ‚
poodle,0.5,ğŸ©
wolf face,0.5,ğŸº
fox face,0.5,ğŸ¦Š
raccoon,0.5,ğŸ¦
cat,0.5,ğŸˆ
lion face,0.5,ğŸ¦
tiger face,0.5,ğŸ¯
tiger,0.5,ğŸ…
face without mouth,0.5,ğŸ˜¶
foot,0.5,ğŸ¦¶ğŸ¿
ear,0.5,ğŸ‘‚
ear,0.5,ğŸ‘‚ğŸ»
ear,0.5,ğŸ‘‚ğŸ¼
ear,0.5,ğŸ‘‚ğŸ½
ear,0.5,ğŸ‘‚ğŸ¾
ear,0.5,ğŸ‘‚ğŸ¿
leg,0.5,ğŸ¦µğŸ½
leg,0.5,ğŸ¦µğŸ¾
leg,0.5,ğŸ¦µğŸ¿
foot,0.5,ğŸ¦¶
foot,0.5,ğŸ¦¶ğŸ»
foot,0.5,ğŸ¦¶ğŸ¼
foot,0.5,ğŸ¦¶ğŸ½
foot,0.5,ğŸ¦¶ğŸ¾
neutral face,0.5,ğŸ˜
selfie,0.5,ğŸ¤³ğŸ½
selfie,0.5,ğŸ¤³ğŸ¾
selfie,0.5,ğŸ¤³ğŸ¿
leg,0.5,ğŸ¦µ
expressionless face,0.5,ğŸ˜‘
leg,0.5,ğŸ¦µğŸ»
leg,0.5,ğŸ¦µğŸ¼
writing hand,0.5,âœğŸ¼
writing hand,0.5,âœğŸ½
writing hand,0.5,âœğŸ¾
writing hand,0.5,âœğŸ¿
selfie,0.5,ğŸ¤³
selfie,0.5,ğŸ¤³ğŸ»
selfie,0.5,ğŸ¤³ğŸ¼
splashing sweat symbol,0.5,ğŸ’¦
man in business suit levitating,0.5,ğŸ•´ï¸
man in business suit levitating,0.5,ğŸ•´ğŸ»
man in business suit levitating,0.5,ğŸ•´ğŸ¼
man in business suit levitating,0.5,ğŸ•´ğŸ½
thought balloon,0.5,ğŸ’­
speech balloon,0.5,ğŸš´ğŸ¾â€â™‚ï¸
eye in speech bubble,0.5,ğŸ‘ï¸â€ğŸ—¨ï¸
left speech bubble,0.5,ğŸ—¨ï¸
hole,0.5,ğŸ•³ï¸
speaking head in silhouette,0.5,ğŸ—£ï¸
bust in silhouette,0.5,ğŸ‘¤
busts in silhouette,0.5,ğŸ‘¥
footprints,0.5,ğŸ‘£
gorilla,0.5,ğŸ¦
raised back of hand,0.5,ğŸ¤š
raised back of hand,0.5,ğŸ¤š
raised back of hand,0.5,ğŸ¤š
nose,0.5,ğŸ‘ƒ
nose,0.5,ğŸ‘ƒğŸ»
nose,0.5,ğŸ‘ƒğŸ¼
nose,0.5,ğŸ‘ƒğŸ½
nose,0.5,ğŸ‘ƒğŸ¾
nose,0.5,ğŸ‘ƒğŸ¿
raised back of hand,0.5,ğŸ¤š
raised back of hand,0.5,ğŸ¤š
person with blond hair,0.5,ğŸ‘±ğŸ¿
man,0.5,ğŸ‘¨
man,0.5,ğŸ‘¨ğŸ»
man,0.5,ğŸ‘¨ğŸ¼
man,0.5,ğŸ‘¨ğŸ½
man,0.5,ğŸ‘¨ğŸ¾
man,0.5,ğŸ‘¨ğŸ¿
bearded person,0.5,ğŸ§”
adult,0.5,ğŸ§‘ğŸ¾
adult,0.5,ğŸ§‘ğŸ¿
person with blond hair,0.5,ğŸ‘±
person with blond hair,0.5,ğŸ‘±ğŸ»
person with blond hair,0.5,ğŸ‘±ğŸ¼
person with blond hair,0.5,ğŸ‘±ğŸ½
person with blond hair,0.5,ğŸ‘±ğŸ¾
mouth,0.5,ğŸ‘„
face with rolling eyes,0.5,ğŸ™„
grimacing face,0.5,ğŸ˜¬
adult,0.5,ğŸ§‘
adult,0.5,ğŸ§‘ğŸ»
adult,0.5,ğŸ§‘ğŸ¼
adult,0.5,ğŸ§‘ğŸ½
man in business suit levitating,0.5,ğŸ•´ğŸ¾
man in business suit levitating,0.5,ğŸ•´ğŸ¿
tooth,0.5,ğŸ¦·
bone,0.5,ğŸ¦´
eyes,0.5,ğŸ‘€
eye,0.5,ğŸ‘ï¸
tongue,0.5,ğŸ‘…
man curly haired dark skin tone,0.5,ğŸ‘¨ğŸ¿â€ğŸ¦±
man white haired,0.5,ğŸ‘¨â€ğŸ¦³
man white haired light skin tone,0.5,ğŸ‘¨ğŸ»â€ğŸ¦³
man white haired medium light skin tone,0.5,ğŸ‘¨ğŸ¼â€ğŸ¦³
man white haired medium skin tone,0.5,ğŸ‘¨ğŸ½â€ğŸ¦³
man white haired medium dark skin tone,0.5,ğŸ‘¨ğŸ¾â€ğŸ¦³
man white haired dark skin tone,0.5,ğŸ‘¨ğŸ¿â€ğŸ¦³
man bald,0.5,ğŸ‘¨â€ğŸ¦²
man red haired dark skin tone,0.5,ğŸ‘¨ğŸ¾â€ğŸ¦°
man red haired medium dark skin tone,0.5,ğŸ‘¨ğŸ¿â€ğŸ¦°
man curly haired,0.5,ğŸ‘¨â€ğŸ¦±
man curly haired light skin tone,0.5,ğŸ‘¨ğŸ»â€ğŸ¦±
man curly haired medium light skin tone,0.5,ğŸ‘¨ğŸ¼â€ğŸ¦±
man curly haired medium skin tone,0.5,ğŸ‘¨ğŸ½â€ğŸ¦±
man curly haired medium dark skin tone,0.5,ğŸ‘¨ğŸ¾â€ğŸ¦±
blond man type 3,0.5,ğŸ‘±ğŸ¼â€â™‚ï¸
blond man type 4,0.5,ğŸ‘±ğŸ½â€â™‚ï¸
blond man type 5,0.5,ğŸ‘±ğŸ¾â€â™‚ï¸
blond man type 6,0.5,ğŸ‘±ğŸ¿â€â™‚ï¸
man red haired,0.5,ğŸ‘¨â€ğŸ¦°
man red haired light skin tone,0.5,ğŸ‘¨ğŸ»â€ğŸ¦°
man red haired medium light skin tone,0.5,ğŸ‘¨ğŸ¼â€ğŸ¦°
man red haired medium skin tone,0.5,ğŸ‘¨ğŸ½â€ğŸ¦°
bearded person,0.5,ğŸ§”ğŸ»
bearded person,0.5,ğŸ§”ğŸ¼
bearded person,0.5,ğŸ§”ğŸ½
bearded person,0.5,ğŸ§”ğŸ¾
bearded person,0.5,ğŸ§”ğŸ¿
blond man,0.5,ğŸ‘±â€â™‚ï¸
blond man type 1 2,0.5,ğŸ‘±ğŸ»â€â™‚ï¸
woman curly haired,0.5,ğŸ‘©â€ğŸ¦±
woman curly haired light skin tone,0.5,ğŸ‘©ğŸ»â€ğŸ¦±
woman curly haired medium light skin tone,0.5,ğŸ‘©ğŸ¼â€ğŸ¦±
woman curly haired medium skin tone,0.5,ğŸ‘©ğŸ½â€ğŸ¦±
woman curly haired medium dark skin tone,0.5,ğŸ‘©ğŸ¾â€ğŸ¦±
woman curly haired dark skin tone,0.5,ğŸ‘©ğŸ¿â€ğŸ¦±
woman white haired,0.5,ğŸ‘©â€ğŸ¦³
blonde woman type 6,0.5,ğŸ‘±ğŸ¿â€â™€ï¸
woman red haired,0.5,ğŸ‘©â€ğŸ¦°
woman red haired light skin tone,0.5,ğŸ‘©ğŸ»â€ğŸ¦°
woman red haired medium light skin tone,0.5,ğŸ‘©ğŸ¼â€ğŸ¦°
woman red haired medium skin tone,0.5,ğŸ‘©ğŸ½â€ğŸ¦°
woman red haired medium dark skin tone,0.5,ğŸ‘©ğŸ¾â€ğŸ¦°
woman red haired dark skin tone,0.5,ğŸ‘©ğŸ¿â€ğŸ¦°
woman,0.5,ğŸ‘©ğŸ½
woman,0.5,ğŸ‘©ğŸ¾
woman,0.5,ğŸ‘©ğŸ¿
blonde woman,0.5,ğŸ‘±â€â™€ï¸
blonde woman type 1 2,0.5,ğŸ‘±ğŸ»â€â™€ï¸
blonde woman type 3,0.5,ğŸ‘±ğŸ¼â€â™€ï¸
blonde woman type 4,0.5,ğŸ‘±ğŸ½â€â™€ï¸
blonde woman type 5,0.5,ğŸ‘±ğŸ¾â€â™€ï¸
man bald light skin tone,0.5,ğŸ‘¨ğŸ»â€ğŸ¦²
man bald medium light skin tone,0.5,ğŸ‘¨ğŸ¼â€ğŸ¦²
man bald medium skin tone,0.5,ğŸ‘¨ğŸ½â€ğŸ¦²
man bald medium dark skin tone,0.5,ğŸ‘¨ğŸ¾â€ğŸ¦²
man bald dark skin tone,0.5,ğŸ‘¨ğŸ¿â€ğŸ¦²
woman,0.5,ğŸ‘©
woman,0.5,ğŸ‘©ğŸ»
woman,0.5,ğŸ‘©ğŸ¼
older man,0.5,ğŸ‘´ğŸ¿
older woman,0.5,ğŸ‘µ
older woman,0.5,ğŸ‘µğŸ»
older woman,0.5,ğŸ‘µğŸ¼
older woman,0.5,ğŸ‘µğŸ½
older woman,0.5,ğŸ‘µğŸ¾
older woman,0.5,ğŸ‘µğŸ¿
older adult,0.5,ğŸ§“ğŸ¾
older adult,0.5,ğŸ§“ğŸ¿
older man,0.5,ğŸ‘´
older man,0.5,ğŸ‘´ğŸ»
older man,0.5,ğŸ‘´ğŸ¼
older man,0.5,ğŸ‘´ğŸ½
older man,0.5,ğŸ‘´ğŸ¾
woman bald medium light skin tone,0.5,ğŸ‘©ğŸ¼â€ğŸ¦²
woman bald medium skin tone,0.5,ğŸ‘©ğŸ½â€ğŸ¦²
woman bald medium dark skin tone,0.5,ğŸ‘©ğŸ¾â€ğŸ¦²
woman bald dark skin tone,0.5,ğŸ‘©ğŸ¿â€ğŸ¦²
older adult,0.5,ğŸ§“
older adult,0.5,ğŸ§“ğŸ»
older adult,0.5,ğŸ§“ğŸ¼
older adult,0.5,ğŸ§“ğŸ½
woman white haired light skin tone,0.5,ğŸ‘©ğŸ»â€ğŸ¦³
woman white haired medium light skin tone,0.5,ğŸ‘©ğŸ¼â€ğŸ¦³
woman white haired medium skin tone,0.5,ğŸ‘©ğŸ½â€ğŸ¦³
woman white haired medium dark skin tone,0.5,ğŸ‘©ğŸ¾â€ğŸ¦³
woman white haired dark skin tone,0.5,ğŸ‘©ğŸ¿â€ğŸ¦³
woman bald,0.5,ğŸ‘©â€ğŸ¦²
woman bald light skin tone,0.5,ğŸ‘©ğŸ»â€ğŸ¦²
person with pouting face,0.5,ğŸ™ğŸ¾
person with pouting face,0.5,ğŸ™ğŸ¿
man pouting,0.5,ğŸ‘¨â€ğŸ¦¹
man pouting type 1 2,0.5,ğŸ‘¨ğŸ»â€ğŸ¦¹
man pouting type 3,0.5,ğŸ‘¨ğŸ¼â€ğŸ¦¹
man pouting type 4,0.5,ğŸ‘¨ğŸ½â€ğŸ¦¹
man pouting type 5,0.5,ğŸ‘¨ğŸ¾â€ğŸ¦¹
overheated face,0.5,ğŸ¥µ
person with pouting face,0.5,ğŸ™
person with pouting face,0.5,ğŸ™ğŸ»
person with pouting face,0.5,ğŸ™ğŸ¼
person with pouting face,0.5,ğŸ™ğŸ½
female firefighter,0.5,ğŸ‘©â€ğŸš’
face with look of triumph,0.5,ğŸ˜¤
female firefighter type 1 2,0.5,ğŸ‘©ğŸ»â€ğŸš’
female firefighter type 3,0.5,ğŸ‘©ğŸ¼â€ğŸš’
female firefighter type 4,0.5,ğŸ‘©ğŸ½â€ğŸš’
female firefighter type 5,0.5,ğŸ‘©ğŸ¾â€ğŸš’
female firefighter type 6,0.5,ğŸ‘©ğŸ¿â€ğŸš’
police officer,0.5,ğŸ‘®
female astronaut type 5,0.5,ğŸ‘©ğŸ¾â€ğŸš€
female astronaut type 6,0.5,ğŸ‘©ğŸ¿â€ğŸš€
male firefighter,0.5,ğŸ‘¨â€ğŸš’
male firefighter type 1 2,0.5,ğŸ‘¨ğŸ»â€ğŸš’
male firefighter type 3,0.5,ğŸ‘¨ğŸ¼â€ğŸš’
male firefighter type 4,0.5,ğŸ‘¨ğŸ½â€ğŸš’
male firefighter type 5,0.5,ğŸ‘¨ğŸ¾â€ğŸš’
male firefighter type 6,0.5,ğŸ‘¨ğŸ¿â€ğŸš’
male astronaut type 4,0.5,ğŸ‘¨ğŸ½â€ğŸš€
male astronaut type 5,0.5,ğŸ‘¨ğŸ¾â€ğŸš€
male astronaut type 6,0.5,ğŸ‘¨ğŸ¿â€ğŸš€
female astronaut,0.5,ğŸ‘©â€ğŸš€
female astronaut type 1 2,0.5,ğŸ‘©ğŸ»â€ğŸš€
female astronaut type 3,0.5,ğŸ‘©ğŸ¼â€ğŸš€
female astronaut type 4,0.5,ğŸ‘©ğŸ½â€ğŸš€
female pilot type 3,0.5,ğŸ‘©ğŸ¼â€âœˆï¸
female pilot type 4,0.5,ğŸ‘©ğŸ½â€âœˆï¸
female pilot type 5,0.5,ğŸ‘©ğŸ¾â€âœˆï¸
female pilot type 6,0.5,ğŸ‘©ğŸ¿â€âœˆï¸
male astronaut,0.5,ğŸ‘¨â€ğŸš€
male astronaut type 1 2,0.5,ğŸ‘¨ğŸ»â€ğŸš€
male astronaut type 3,0.5,ğŸ‘¨ğŸ¼â€ğŸš€
runner,0.5,ğŸƒ
runner,0.5,ğŸƒğŸ»
runner,0.5,ğŸƒğŸ¼
runner,0.5,ğŸƒğŸ½
runner,0.5,ğŸƒğŸ¾
man pouting type 6,0.5,ğŸ‘¨ğŸ¿â€ğŸ¦¹
woman pouting,0.5,ğŸ‘©â€ğŸ¦¹
woman pouting type 1 2,0.5,ğŸ‘©ğŸ»â€ğŸ¦¹
woman pouting type 3,0.5,ğŸ‘©ğŸ¼â€ğŸ¦¹
woman pouting type 4,0.5,ğŸ‘©ğŸ½â€ğŸ¦¹
woman pouting type 5,0.5,ğŸ‘©ğŸ¾â€ğŸ¦¹
woman pouting type 6,0.5,ğŸ‘©ğŸ¿â€ğŸ¦¹
male pilot type 1 2,0.5,ğŸ‘¨ğŸ»â€âœˆï¸
male pilot type 3,0.5,ğŸ‘¨ğŸ¼â€âœˆï¸
male pilot type 4,0.5,ğŸ‘¨ğŸ½â€âœˆï¸
male pilot type 5,0.5,ğŸ‘¨ğŸ¾â€âœˆï¸
male pilot type 6,0.5,ğŸ‘¨ğŸ¿â€âœˆï¸
female pilot,0.5,ğŸ‘©â€âœˆï¸
female pilot type 1 2,0.5,ğŸ‘©ğŸ»â€âœˆï¸
male artist type 6,0.5,ğŸ‘¨ğŸ¿â€ğŸ¨
female artist,0.5,ğŸ‘©â€ğŸ¨
female artist type 1 2,0.5,ğŸ‘©ğŸ»â€ğŸ¨
female artist type 3,0.5,ğŸ‘©ğŸ¼â€ğŸ¨
female artist type 4,0.5,ğŸ‘©ğŸ½â€ğŸ¨
female artist type 5,0.5,ğŸ‘©ğŸ¾â€ğŸ¨
female artist type 6,0.5,ğŸ‘©ğŸ¿â€ğŸ¨
male pilot,0.5,ğŸ‘¨â€âœˆï¸
female singer type 5,0.5,ğŸ‘©ğŸ¾â€ğŸ¤
female singer type 6,0.5,ğŸ‘©ğŸ¿â€ğŸ¤
male artist,0.5,ğŸ‘¨â€ğŸ¨
male artist type 1 2,0.5,ğŸ‘¨ğŸ»â€ğŸ¨
male artist type 3,0.5,ğŸ‘¨ğŸ¼â€ğŸ¨
male artist type 4,0.5,ğŸ‘¨ğŸ½â€ğŸ¨
male artist type 5,0.5,ğŸ‘¨ğŸ¾â€ğŸ¨
male singer type 4,0.5,ğŸ‘¨ğŸ½â€ğŸ¤
male singer type 5,0.5,ğŸ‘¨ğŸ¾â€ğŸ¤
male singer type 6,0.5,ğŸ‘¨ğŸ¿â€ğŸ¤
female singer,0.5,ğŸ‘©â€ğŸ¤
female singer type 1 2,0.5,ğŸ‘©ğŸ»â€ğŸ¤
female singer type 3,0.5,ğŸ‘©ğŸ¼â€ğŸ¤
female singer type 4,0.5,ğŸ‘©ğŸ½â€ğŸ¤
man tipping hand type 5,0.5,ğŸ’ğŸ¾â€â™‚ï¸
man tipping hand type 6,0.5,ğŸ’ğŸ¿â€â™‚ï¸
woman tipping hand,0.5,ğŸ’â€â™€ï¸
woman tipping hand type 1 2,0.5,ğŸ’ğŸ»â€â™€ï¸
woman tipping hand type 3,0.5,ğŸ’ğŸ¼â€â™€ï¸
woman tipping hand type 4,0.5,ğŸ’ğŸ½â€â™€ï¸
woman tipping hand type 5,0.5,ğŸ’ğŸ¾â€â™€ï¸
woman tipping hand type 6,0.5,ğŸ’ğŸ¿â€â™€ï¸
information desk person,0.5,ğŸ’ğŸ¼
information desk person,0.5,ğŸ’ğŸ½
information desk person,0.5,ğŸ’ğŸ¾
information desk person,0.5,ğŸ’ğŸ¿
man tipping hand,0.5,ğŸ’â€â™‚ï¸
man tipping hand type 1 2,0.5,ğŸ’ğŸ»â€â™‚ï¸
man tipping hand type 3,0.5,ğŸ’ğŸ¼â€â™‚ï¸
man tipping hand type 4,0.5,ğŸ’ğŸ½â€â™‚ï¸
woman running type 1 2,0.5,ğŸƒğŸ»â€â™€ï¸
woman running type 3,0.5,ğŸƒğŸ¼â€â™€ï¸
woman running type 4,0.5,ğŸƒğŸ½â€â™€ï¸
woman running type 5,0.5,ğŸƒğŸ¾â€â™€ï¸
woman running type 6,0.5,ğŸƒğŸ¿â€â™€ï¸
face with cowboy hat,0.5,ğŸ¤ 
information desk person,0.5,ğŸ’
information desk person,0.5,ğŸ’ğŸ»
runner,0.5,ğŸƒğŸ¿
man running,0.5,ğŸƒâ€â™‚ï¸
man running type 1 2,0.5,ğŸƒğŸ»â€â™‚ï¸
man running type 3,0.5,ğŸƒğŸ¼â€â™‚ï¸
man running type 4,0.5,ğŸƒğŸ½â€â™‚ï¸
man running type 5,0.5,ğŸƒğŸ¾â€â™‚ï¸
man running type 6,0.5,ğŸƒğŸ¿â€â™‚ï¸
woman running,0.5,ğŸƒâ€â™€ï¸
speak no evil monkey,0.5,ğŸ™Š
man raising hand type 4,0.5,ğŸ™‹ğŸ½â€â™‚ï¸
man raising hand type 5,0.5,ğŸ™‹ğŸ¾â€â™‚ï¸
man raising hand type 6,0.5,ğŸ™‹ğŸ¿â€â™‚ï¸
nerd face,0.5,ğŸ¤“
face with monocle,0.5,ğŸ§
woman walking type 1 2,0.5,ğŸš¶ğŸ»â€â™€ï¸
woman walking type 3,0.5,ğŸš¶ğŸ¼â€â™€ï¸
woman walking type 4,0.5,ğŸš¶ğŸ½â€â™€ï¸
woman walking type 5,0.5,ğŸš¶ğŸ¾â€â™€ï¸
woman walking type 6,0.5,ğŸš¶ğŸ¿â€â™€ï¸
pedestrian,0.5,ğŸš¶ğŸ¿â€â™‚ï¸
man walking,0.5,ğŸš¶â€â™‚ï¸
man walking type 1 2,0.5,ğŸš¶ğŸ»â€â™‚ï¸
man walking type 3,0.5,ğŸš¶ğŸ¼â€â™‚ï¸
man walking type 4,0.5,ğŸš¶ğŸ½â€â™‚ï¸
man walking type 5,0.5,ğŸš¶ğŸ¾â€â™‚ï¸
man walking type 6,0.5,ğŸš¶ğŸ¿â€â™‚ï¸
woman walking,0.5,ğŸš¶â€â™€ï¸
man raising hand,0.5,ğŸ™‹â€â™‚ï¸
man raising hand type 1 2,0.5,ğŸ™‹ğŸ»â€â™‚ï¸
man raising hand type 3,0.5,ğŸ™‹ğŸ¼â€â™‚ï¸
pedestrian,0.5,ğŸš¶â€â™‚ï¸
pedestrian,0.5,ğŸš¶ğŸ»â€â™‚ï¸
pedestrian,0.5,ğŸš¶ğŸ¼â€â™‚ï¸
pedestrian,0.5,ğŸš¶ğŸ½â€â™‚ï¸
pedestrian,0.5,ğŸš¶ğŸ¾â€â™‚ï¸
female technologist type 1 2,0.5,ğŸ‘©ğŸ»â€ğŸ’»
female technologist type 3,0.5,ğŸ‘©ğŸ¼â€ğŸ’»
female technologist type 4,0.5,ğŸ‘©ğŸ½â€ğŸ’»
female technologist type 5,0.5,ğŸ‘©ğŸ¾â€ğŸ’»
female technologist type 6,0.5,ğŸ‘©ğŸ¿â€ğŸ’»
male singer,0.5,ğŸ‘¨â€ğŸ¤
male singer type 1 2,0.5,ğŸ‘¨ğŸ»â€ğŸ¤
male singer type 3,0.5,ğŸ‘¨ğŸ¼â€ğŸ¤
male technologist,0.5,ğŸ‘¨â€ğŸ’»
male technologist type 1 2,0.5,ğŸ‘¨ğŸ»â€ğŸ’»
male technologist type 3,0.5,ğŸ‘¨ğŸ¼â€ğŸ’»
male technologist type 4,0.5,ğŸ‘¨ğŸ½â€ğŸ’»
male technologist type 5,0.5,ğŸ‘¨ğŸ¾â€ğŸ’»
male technologist type 6,0.5,ğŸ‘¨ğŸ¿â€ğŸ’»
female technologist,0.5,ğŸ‘©â€ğŸ’»
male scientist type 6,0.5,ğŸ‘¨ğŸ¿â€ğŸ”¬
female scientist,0.5,ğŸ‘©â€ğŸ”¬
female scientist type 1 2,0.5,ğŸ‘©ğŸ»â€ğŸ”¬
female scientist type 3,0.5,ğŸ‘©ğŸ¼â€ğŸ”¬
female scientist type 4,0.5,ğŸ‘©ğŸ½â€ğŸ”¬
female scientist type 5,0.5,ğŸ‘©ğŸ¾â€ğŸ”¬
female scientist type 6,0.5,ğŸ‘©ğŸ¿â€ğŸ”¬
female office worker type 5,0.5,ğŸ‘©ğŸ¾â€ğŸ’¼
loudly crying face,0.5,ğŸ˜­
female office worker type 6,0.5,ğŸ‘©ğŸ¿â€ğŸ’¼
male scientist,0.5,ğŸ‘¨â€ğŸ”¬
male scientist type 1 2,0.5,ğŸ‘¨ğŸ»â€ğŸ”¬
male scientist type 3,0.5,ğŸ‘¨ğŸ¼â€ğŸ”¬
male scientist type 4,0.5,ğŸ‘¨ğŸ½â€ğŸ”¬
male scientist type 5,0.5,ğŸ‘¨ğŸ¾â€ğŸ”¬
male health worker,0.5,ğŸ‘¨â€âš•ï¸
male health worker type 1 2,0.5,ğŸ‘¨ğŸ»â€âš•ï¸
male health worker type 3,0.5,ğŸ‘¨ğŸ¼â€âš•ï¸
male health worker type 4,0.5,ğŸ‘¨ğŸ½â€âš•ï¸
male health worker type 5,0.5,ğŸ‘¨ğŸ¾â€âš•ï¸
male health worker type 6,0.5,ğŸ‘¨ğŸ¿â€âš•ï¸
male office worker type 3,0.5,ğŸ‘¨ğŸ¼â€ğŸ’¼
male office worker type 4,0.5,ğŸ‘¨ğŸ½â€ğŸ’¼
male office worker type 5,0.5,ğŸ‘¨ğŸ¾â€ğŸ’¼
male office worker type 6,0.5,ğŸ‘¨ğŸ¿â€ğŸ’¼
female office worker,0.5,ğŸ‘©â€ğŸ’¼
female office worker type 1 2,0.5,ğŸ‘©ğŸ»â€ğŸ’¼
female office worker type 3,0.5,ğŸ‘©ğŸ¼â€ğŸ’¼
female office worker type 4,0.5,ğŸ‘©ğŸ½â€ğŸ’¼
female factory worker type 1 2,0.5,ğŸ‘©ğŸ»â€ğŸ­
female factory worker type 3,0.5,ğŸ‘©ğŸ¼â€ğŸ­
female factory worker type 4,0.5,ğŸ‘©ğŸ½â€ğŸ­
female factory worker type 5,0.5,ğŸ‘©ğŸ¾â€ğŸ­
female factory worker type 6,0.5,ğŸ‘©ğŸ¿â€ğŸ­
male office worker,0.5,ğŸ‘¨â€ğŸ’¼
male office worker type 1 2,0.5,ğŸ‘¨ğŸ»â€ğŸ’¼
male factory worker,0.5,ğŸ‘¨â€ğŸ­
male factory worker type 1 2,0.5,ğŸ‘¨ğŸ»â€ğŸ­
male factory worker type 3,0.5,ğŸ‘¨ğŸ¼â€ğŸ­
male factory worker type 4,0.5,ğŸ‘¨ğŸ½â€ğŸ­
male factory worker type 5,0.5,ğŸ‘¨ğŸ¾â€ğŸ­
male factory worker type 6,0.5,ğŸ‘¨ğŸ¿â€ğŸ­
female factory worker,0.5,ğŸ‘©â€ğŸ­
male mechanic type 6,0.5,ğŸ‘¨ğŸ¿â€ğŸ”§
female mechanic,0.5,ğŸ‘©â€ğŸ”§
female mechanic type 1 2,0.5,ğŸ‘©ğŸ»â€ğŸ”§
female mechanic type 3,0.5,ğŸ‘©ğŸ¼â€ğŸ”§
female mechanic type 4,0.5,ğŸ‘©ğŸ½â€ğŸ”§
female mechanic type 5,0.5,ğŸ‘©ğŸ¾â€ğŸ”§
female mechanic type 6,0.5,ğŸ‘©ğŸ¿â€ğŸ”§
male judge type 5,0.5,ğŸ‘¨ğŸ¾â€âš–ï¸
male judge type 6,0.5,ğŸ‘¨ğŸ¿â€âš–ï¸
female judge,0.5,ğŸ‘©â€âš–ï¸
female judge type 1 2,0.5,ğŸ‘©ğŸ»â€âš–ï¸
female judge type 3,0.5,ğŸ‘©ğŸ¼â€âš–ï¸
female judge type 4,0.5,ğŸ‘©ğŸ½â€âš–ï¸
female judge type 5,0.5,ğŸ‘©ğŸ¾â€âš–ï¸
female teacher type 3,0.5,ğŸ‘©ğŸ¼â€ğŸ«
female teacher type 4,0.5,ğŸ‘©ğŸ½â€ğŸ«
female teacher type 5,0.5,ğŸ‘©ğŸ¾â€ğŸ«
female teacher type 6,0.5,ğŸ‘©ğŸ¿â€ğŸ«
male judge,0.5,ğŸ‘¨â€âš–ï¸
male judge type 1 2,0.5,ğŸ‘¨ğŸ»â€âš–ï¸
male judge type 3,0.5,ğŸ‘¨ğŸ¼â€âš–ï¸
male judge type 4,0.5,ğŸ‘¨ğŸ½â€âš–ï¸
male teacher type 1 2,0.5,ğŸ‘¨ğŸ»â€ğŸ«
male teacher type 3,0.5,ğŸ‘¨ğŸ¼â€ğŸ«
flushed face,0.5,ğŸ˜³
male teacher type 4,0.5,ğŸ‘¨ğŸ½â€ğŸ«
male teacher type 5,0.5,ğŸ‘¨ğŸ¾â€ğŸ«
male teacher type 6,0.5,ğŸ‘¨ğŸ¿â€ğŸ«
female teacher,0.5,ğŸ‘©â€ğŸ«
female teacher type 1 2,0.5,ğŸ‘©ğŸ»â€ğŸ«
female health worker,0.5,ğŸ‘©â€âš•ï¸
female health worker type 1 2,0.5,ğŸ‘©ğŸ»â€âš•ï¸
female health worker type 3,0.5,ğŸ‘©ğŸ¼â€âš•ï¸
female health worker type 4,0.5,ğŸ‘©ğŸ½â€âš•ï¸
female health worker type 5,0.5,ğŸ‘©ğŸ¾â€âš•ï¸
male teacher,0.5,ğŸ‘¨â€ğŸ«
female cook type 4,0.5,ğŸ‘©ğŸ½â€ğŸ³
female cook type 5,0.5,ğŸ‘©ğŸ¾â€ğŸ³
female cook type 6,0.5,ğŸ‘©ğŸ¿â€ğŸ³
male mechanic,0.5,ğŸ‘¨â€ğŸ”§
male mechanic type 1 2,0.5,ğŸ‘¨ğŸ»â€ğŸ”§
male mechanic type 3,0.5,ğŸ‘¨ğŸ¼â€ğŸ”§
male mechanic type 4,0.5,ğŸ‘¨ğŸ½â€ğŸ”§
male mechanic type 5,0.5,ğŸ‘¨ğŸ¾â€ğŸ”§
male cook type 3,0.5,ğŸ‘¨ğŸ¼â€ğŸ³
male cook type 4,0.5,ğŸ‘¨ğŸ½â€ğŸ³
male cook type 5,0.5,ğŸ‘¨ğŸ¾â€ğŸ³
male cook type 6,0.5,ğŸ‘¨ğŸ¿â€ğŸ³
female cook,0.5,ğŸ‘©â€ğŸ³
female cook type 1 2,0.5,ğŸ‘©ğŸ»â€ğŸ³
female cook type 3,0.5,ğŸ‘©ğŸ¼â€ğŸ³
female farmer type 1 2,0.5,ğŸ‘©ğŸ»â€ğŸŒ¾
anguished face,0.5,ğŸ˜¨
female farmer type 4,0.5,ğŸ‘©ğŸ½â€ğŸŒ¾
female farmer type 5,0.5,ğŸ‘©ğŸ¾â€ğŸŒ¾
female farmer type 6,0.5,ğŸ‘©ğŸ¿â€ğŸŒ¾
male cook,0.5,ğŸ‘¨â€ğŸ³
male cook type 1 2,0.5,ğŸ‘¨ğŸ»â€ğŸ³
female judge type 6,0.5,ğŸ‘©ğŸ¿â€âš–ï¸
male farmer,0.5,ğŸ‘¨â€ğŸŒ¾
male farmer type 1 2,0.5,ğŸ‘¨ğŸ»â€ğŸŒ¾
male farmer type 3,0.5,ğŸ‘¨ğŸ¼â€ğŸŒ¾
male farmer type 4,0.5,ğŸ‘¨ğŸ½â€ğŸŒ¾
male farmer type 5,0.5,ğŸ‘¨ğŸ¾â€ğŸŒ¾
male farmer type 6,0.5,ğŸ‘¨ğŸ¿â€ğŸŒ¾
female farmer,0.5,ğŸ‘©â€ğŸŒ¾
woman wearing turban,0.5,ğŸ‘³â€â™€
woman wearing turban type 1 2,0.5,ğŸ‘³ğŸ»â€â™€
woman wearing turban type 3,0.5,ğŸ‘³ğŸ¼â€â™€
woman wearing turban type 4,0.5,ğŸ‘³ğŸ½â€â™€
woman wearing turban type 5,0.5,ğŸ‘³ğŸ¾â€â™€
woman wearing turban type 6,0.5,ğŸ‘³ğŸ¿â€â™€
man with gua pi mao,0.5,ğŸ‘²
man with gua pi mao,0.5,ğŸ‘²ğŸ»
man with turban,0.5,ğŸ‘³ğŸ¿â€â™‚
man wearing turban,0.5,ğŸ‘³â€â™‚
man wearing turban type 1 2,0.5,ğŸ‘³ğŸ»â€â™‚
man wearing turban type 3,0.5,ğŸ‘³ğŸ¼â€â™‚
man wearing turban type 4,0.5,ğŸ‘³ğŸ½â€â™‚
man wearing turban type 5,0.5,ğŸ‘³ğŸ¾â€â™‚
man wearing turban type 6,0.5,ğŸ‘³ğŸ¿â€â™‚
princess,0.5,ğŸ‘¸ğŸ¿
princess,0.5,ğŸ‘¸â€â™€ï¸
man with turban,0.5,ğŸ‘³â€â™‚
clown face,0.5,ğŸ¤¡
man with turban,0.5,ğŸ‘³ğŸ»â€â™‚
man with turban,0.5,ğŸ‘³ğŸ¼â€â™‚
man with turban,0.5,ğŸ‘³ğŸ½â€â™‚
man with turban,0.5,ğŸ‘³ğŸ¾â€â™‚
prince,0.5,ğŸ¤´ğŸ¾
prince,0.5,ğŸ¤´ğŸ¿
prince,0.5,ğŸ¤´â€â™‚ï¸
princess,0.5,ğŸ‘¸ğŸ»
princess,0.5,ğŸ‘¸ğŸ¼
princess,0.5,ğŸ‘¸ğŸ½
princess,0.5,ğŸ‘¸ğŸ¾
orange book,0.5,ğŸ“™
books,0.5,ğŸ“š
white right pointing backhand index,0.5,ğŸ‘‰
notebook,0.5,ğŸ““
ledger,0.5,ğŸ“’
page with curl,0.5,ğŸ“ƒ
scroll,0.5,ğŸ“œ
page facing up,0.5,ğŸ“„
breast feeding,0.5,ğŸ¤±ğŸ¼
breast feeding,0.5,ğŸ¤±ğŸ½
breast feeding,0.5,ğŸ¤±ğŸ¾
breast feeding,0.5,ğŸ¤±ğŸ¿
open book,0.5,ğŸ“–
green book,0.5,ğŸ“—
blue book,0.5,ğŸ“˜
mage,0.5,ğŸ§™ğŸ¼
cat face with wry smile,0.5,ğŸ˜¼
mage,0.5,ğŸ§™ğŸ½
mage,0.5,ğŸ§™ğŸ¾
breast feeding,0.5,ğŸ¤±
breast feeding,0.5,ğŸ¤±ğŸ»
mage,0.5,ğŸ§™
mage,0.5,ğŸ§™ğŸ»
supervillain,0.25,ğŸ¦¹ğŸ»
woman supervillain,0.25,ğŸ¦¹â€â™€ï¸
woman supervillain light skin tone,0.25,ğŸ¦¹ğŸ»â€â™€ï¸
woman supervillain medium light skin tone,0.25,ğŸ¦¹ğŸ¼â€â™€ï¸
pill,0.25,ğŸ’Š
skull,0.25,ğŸ’€
man supervillain dark skin tone,0.25,ğŸ¦¹ğŸ¿â€â™‚ï¸
japanese goblin,0.25,ğŸ‘º
man supervillain medium dark skin tone,0.25,ğŸ¦¹ğŸ¾â€â™‚ï¸
man supervillain medium skin tone,0.25,ğŸ¦¹ğŸ¾â€â™‚ï¸
hushed face,0.25,ğŸ˜¯
astonished face,0.25,ğŸ˜²
frowning face with open mouth,0.25,ğŸ˜¦
face with open mouth and cold sweat,0.25,ğŸ˜“
disappointed but relieved face,0.25,ğŸ˜¥
man vampire,0.25,ğŸ§›â€â™‚ï¸ 
man vampire light skin tone,0.25,ğŸ§›ğŸ»â€â™‚ï¸
man vampire medium light skin tone,0.25,ğŸ§›ğŸ¼â€â™‚ï¸
man vampire medium skin tone,0.25,ğŸ§›ğŸ½â€â™‚ï¸
man vampire medium dark skin tone,0.25,ğŸ§›ğŸ¾â€â™‚ï¸
man vampire dark skin tone,0.25,ğŸ§›ğŸ¿â€â™‚ï¸
woman vampire,0.25,ğŸ§›â€â™€ï¸
woman vampire light skin tone,0.25,ğŸ§›ğŸ»â€â™€ï¸
woman vampire medium light skin tone,0.25,ğŸ§›ğŸ¼â€â™€ï¸
woman vampire medium skin tone,0.25,ğŸ§›ğŸ½â€â™€ï¸
woman vampire medium dark skin tone,0.25,ğŸ§›ğŸ¾â€â™€ï¸
woman vampire dark skin tone,0.25,ğŸ§›ğŸ¿â€â™€ï¸
man shrugging,0.25,ğŸ¤·â€â™‚ï¸
man shrugging type 1 2,0.25,ğŸ¤·ğŸ»â€â™‚ï¸
man shrugging type 3,0.25,ğŸ¤·ğŸ¼â€â™‚ï¸
man shrugging type 4,0.25,ğŸ¤·ğŸ½â€â™‚ï¸
man shrugging type 5,0.25,ğŸ¤·ğŸ¾â€â™‚ï¸
man shrugging type 6,0.25,ğŸ¤·ğŸ¿â€â™‚ï¸
woman shrugging,0.25,ğŸ¤·â€â™€ï¸
woman shrugging type 1 2,0.25,ğŸ¤·ğŸ»â€â™€ï¸
face with open mouth,0.25,ğŸ˜®
woman shrugging type 3,0.25,ğŸ¤·ğŸ¼â€â™€ï¸
woman shrugging type 4,0.25,ğŸ¤·ğŸ½â€â™€ï¸
woman shrugging type 5,0.25,ğŸ¤·ğŸ¾â€â™€ï¸
woman shrugging type 6,0.25,ğŸ¤·ğŸ¿â€â™€ï¸
confounded face,0.25,ğŸ˜–
face palm,0.25,ğŸ¤¦ğŸ»
face palm,0.25,ğŸ¤¦ğŸ¼
face palm,0.25,ğŸ¤¦ğŸ½
face palm,0.25,ğŸ¤¦ğŸ¾
face palm,0.25,ğŸ¤¦ğŸ¿
man facepalming,0.25,ğŸ¤¦â€â™‚ï¸
man facepalming type 1 2,0.25,ğŸ¤¦ğŸ»â€â™‚ï¸
man facepalming type 3,0.25,ğŸ¤¦ğŸ¼â€â™‚ï¸
man facepalming type 4,0.25,ğŸ¤¦ğŸ½â€â™‚ï¸
man facepalming type 5,0.25,ğŸ¤¦ğŸ¾â€â™‚ï¸
man facepalming type 6,0.25,ğŸ¤¦ğŸ¿â€â™‚ï¸
slightly frowning face,0.25,ğŸ™
woman facepalming,0.25,ğŸ¤¦â€â™€ï¸
woman facepalming type 1 2,0.25,ğŸ¤¦ğŸ»â€â™€ï¸
woman facepalming type 3,0.25,ğŸ¤¦ğŸ¼â€â™€ï¸
woman facepalming type 4,0.25,ğŸ¤¦ğŸ½â€â™€ï¸
woman facepalming type 5,0.25,ğŸ¤¦ğŸ¾â€â™€ï¸
woman facepalming type 6,0.25,ğŸ¤¦ğŸ¿â€â™€ï¸
shrug,0.25,ğŸ¤·
shrug,0.25,ğŸ¤·ğŸ»
shrug,0.25,ğŸ¤·ğŸ¼
shrug,0.25,ğŸ¤·ğŸ½
white frowning face,0.25,â˜¹ï¸
shrug,0.25,ğŸ¤·ğŸ¾
shrug,0.25,ğŸ¤·ğŸ¿
vampire,0.25,ğŸ§› 
vampire,0.25,ğŸ§›ğŸ» 
vampire,0.25,ğŸ§›ğŸ¼ 
vampire,0.25,ğŸ§›ğŸ½ 
vampire,0.25,ğŸ§›ğŸ¾ 
vampire,0.25,ğŸ§›ğŸ¿ 
confused face,0.25,ğŸ˜•
face palm,0.25,ğŸ¤¦
dagger knife,0.25,ğŸ—¡ï¸
crossed swords,0.25,âš”ï¸
pistol,0.25,ğŸ”«
bow and arrow,0.25,ğŸ¹
syringe,0.25,ğŸ’‰
persevering face,0.25,ğŸ˜£
face with cold sweat,0.25,ğŸ˜“
face with no good gesture,0.25,ğŸ™…
face with no good gesture,0.25,ğŸ™…ğŸ»
face with uneven eyes and wavy mouth,0.25,ğŸ¥´
face with no good gesture,0.25,ğŸ™…ğŸ¼
face with no good gesture,0.25,ğŸ™…ğŸ½
face with no good gesture,0.25,ğŸ™…ğŸ¾
face with no good gesture,0.25,ğŸ™…ğŸ¿
man gesturing not ok,0.25,ğŸ™…â€â™‚ï¸
man gesturing not ok type 1 2,0.25,ğŸ™…ğŸ»â€â™‚ï¸
man gesturing not ok type 3,0.25,ğŸ™…ğŸ¼â€â™‚ï¸
man gesturing not ok type 4,0.25,ğŸ™…ğŸ½â€â™‚ï¸
man gesturing not ok type 5,0.25,ğŸ™…ğŸ¾â€â™‚ï¸
man gesturing not ok type 6,0.25,ğŸ™…ğŸ¿â€â™‚ï¸
dizzy face,0.25,ğŸ˜µ
woman gesturing not ok,0.25,ğŸ™…â€â™€ï¸
woman gesturing not ok type 1 2,0.25,ğŸ™…ğŸ»â€â™€ï¸
woman gesturing not ok type 3,0.25,ğŸ™…ğŸ¼â€â™€ï¸
woman gesturing not ok type 4,0.25,ğŸ™…ğŸ½â€â™€ï¸
woman gesturing not ok type 5,0.25,ğŸ™…ğŸ¾â€â™€ï¸
woman gesturing not ok type 6,0.25,ğŸ™…ğŸ¿â€â™€ï¸
weary face,0.25,ğŸ˜©
person frowning,0.25,ğŸ™
person frowning,0.25,ğŸ™ğŸ»
person frowning,0.25,ğŸ™ğŸ¼
person frowning,0.25,ğŸ™ğŸ½
person frowning,0.25,ğŸ™ğŸ¾
person frowning,0.25,ğŸ™ğŸ¿
man frowning,0.25,ğŸ™â€â™‚ï¸
man frowning type 1 2,0.25,ğŸ™ğŸ»â€â™‚ï¸
sneezing face,0.25,ğŸ¤§
man frowning type 3,0.25,ğŸ™ğŸ¼â€â™‚ï¸
man frowning type 4,0.25,ğŸ™ğŸ½â€â™‚ï¸
man frowning type 6,0.25,ğŸ™ğŸ¾â€â™‚ï¸
man frowning type 5,0.25,ğŸ™ğŸ¿â€â™‚ï¸
woman frowning,0.25,ğŸ™â€â™€ï¸
woman frowning type 1 2,0.25,ğŸ™ğŸ»â€â™€ï¸
woman frowning type 3,0.25,ğŸ™ğŸ¼â€â™€ï¸
woman frowning type 4,0.25,ğŸ™ğŸ½â€â™€ï¸
woman frowning type 5,0.25,ğŸ™ğŸ¾â€â™€ï¸
woman frowning type 6,0.25,ğŸ™ğŸ¿â€â™€ï¸
freezing face,0.25,ğŸ¥¶
smoking symbol,0.25,ğŸš¬
pirate flag,0.25,ğŸ´â€â˜ ï¸
weary cat face,0.25,ğŸ™€
imp,0.25,ğŸ˜ˆ
face with medical mask,0.25,ğŸ˜·
sleepy face,0.25,ğŸ˜ª
unamused face,0.25,ğŸ˜’
right anger bubble,0.25,ğŸ—¯ï¸
police cars revolving light,0.25,ğŸš¨
thermometer,0.25,ğŸŒ¡ï¸
thunder cloud and rain,0.25,â›ˆï¸
cloud with lightning,0.25,ğŸŒ©ï¸
cloud with tornado,0.25,ğŸŒªï¸
cyclone,0.25,ğŸŒ€
dash symbol,0.25,â›¹ğŸ¾â€â™€ï¸
collision symbol,0.25,ğŸ’¥
face with one eyebrow raised,0.25,ğŸ¤¨
pig nose,0.25,ğŸ½
zipper mouth face,0.25,ğŸ¤
right facing fist,0.25,ğŸ¤œ
right facing fist,0.25,ğŸ¤œ
right facing fist,0.25,ğŸ¤œ
right facing fist,0.25,ğŸ¤œ
right facing fist,0.25,ğŸ¤œ
right facing fist,0.25,ğŸ¤œ
fisted hand sign,0.25,âœŠ
fisted hand sign,0.25,âœŠ
fisted hand sign,0.25,âœŠ
fisted hand sign,0.25,âœŠ
snake,0.25,ğŸ
left facing fist,0.25,ğŸ¤›
left facing fist,0.25,ğŸ¤›
left facing fist,0.25,ğŸ‘Š
left facing fist,0.25,ğŸ‘Š
left facing fist,0.25,ğŸ‘Š
scorpion,0.25,ğŸ¦‚
mosquito,0.25,ğŸ¦Ÿ
microbe,0.25,ğŸ¦ 
fisted hand sign,0.25,âœŠ
left facing fist,0.25,ğŸ¤›
volcano,0.25,ğŸŒ‹
hospital,0.25,ğŸ¥
hocho,0.25,ğŸ”ª
man supervillain medium light skin tone,0.25,ğŸ¦¹ğŸ½â€â™‚ï¸
man supervillain light skin tone,0.25,ğŸ¦¹ğŸ¼â€â™‚ï¸
man supervillain,0.25,ğŸ¦¹ğŸ»â€â™‚ï¸
supervillain,0.25,ğŸ¦¹ğŸ¿
supervillain,0.25,ğŸ¦¹ğŸ¾
supervillain,0.25,ğŸ¦¹ğŸ½
supervillain,0.25,ğŸ¦¹ğŸ¼
woman supervillain medium skin tone,0.25,ğŸ¦¹ğŸ½â€â™€ï¸
woman supervillain medium dark skin tone,0.25,ğŸ¦¹ğŸ¾â€â™€ï¸
woman supervillain dark skin tone,0.25,ğŸ¦¹ğŸ¿â€â™€ï¸
ghost,0.25,ğŸ‘»
extraterrestrial alien,0.25,ğŸ‘½
alien monster,0.25,ğŸ‘¾
japanese ogre,0.25,ğŸ‘¹
female farmer type 3,0.25,ğŸ‘©ğŸ¼â€ğŸŒ¾
pile of poo,0.0,ğŸ’©
wilted flower,0.0,ğŸ¥€
serious face with symbols covering mouth,0.0,ğŸ¤¬
thumbs down sign,0.0,ğŸ‘
thumbs down sign,0.0,ğŸ‘
thumbs down sign,0.0,ğŸ‘
thumbs down sign,0.0,ğŸ‘
pouting face,0.0,ğŸ˜¡
angry face,0.0,ğŸ˜ 
bomb,0.0,ğŸ’£
anger symbol,0.0,ğŸ’¢
black heart,0.0,ğŸ–¤
thumbs down sign,0.0,ğŸ‘
thumbs down sign,0.0,ğŸ‘
face with thermometer,0.0,ğŸ¤’
pensive face,0.0,ğŸ˜”
broken heart,0.0,ğŸ’”
lying face,0.0,ğŸ¤¥
crying cat face,0.0,ğŸ˜¿ 
negative squared latin capital letter o,0.0,ğŸ…¾ï¸
squared sos,0.0,ğŸ†˜
reversed hand with middle finger extended,0.0,ğŸ–•
reversed hand with middle finger extended,0.0,ğŸ–•
no entry,0.0,â›”
no entry sign,0.0,ğŸš«
no bicycles,0.0,ğŸš³
no smoking symbol,0.0,ğŸš­
do not litter symbol,0.0,ğŸš¯
non potable water symbol,0.0,ğŸš±
no pedestrians,0.0,ğŸš·
no mobile phones,0.0,ğŸ“µ
no one under eighteen symbol,0.0,ğŸ”
radioactive sign,0.0,â˜¢ï¸
reversed hand with middle finger extended,0.0,ğŸ–•
biohazard sign,0.0,â˜£ï¸
reversed hand with middle finger extended,0.0,ğŸ–•
coffin,0.0,âš°ï¸
funeral urn,0.0,âš±ï¸
face with head bandage,0.0,ğŸ¤•
nauseated face,0.0,ğŸ¤¢
face with open mouth vomiting,0.0,ğŸ¤®
tired face,0.0,ğŸ˜«
disappointed face,0.0,ğŸ˜
reversed hand with middle finger extended,0.0,ğŸ–•
warning sign,0.0,âš ï¸
reversed hand with middle finger extended,0.0,ğŸ–•
zombie,0.0,ğŸ§Ÿ
man zombie,0.0,ğŸ§Ÿâ€â™‚ï¸
woman zombie,0.0,ğŸ§Ÿâ€â™€ï¸
face screaming in fear,0.0,ğŸ˜±
worried face,0.0,ğŸ˜Ÿ
pouting cat face,0.0,ğŸ˜¾
fearful face,0.0,ğŸ˜±
crying face,0.0,ğŸ˜¢
chart with downwards trend,0.0,ğŸ“‰
skull and crossbones,0.0,â˜ ï¸
supervillain,0.0,ğŸ¦¹
